CRIMETYPE,DATETIME,CASENUMBER,DESCRIPTION,POLICEBEAT,LOCATION,CITY,STATE
PROSTITUTION,01/07/2015 04:43:00 PM,15-001246,DISORDERLY CONDUCT:SOLICIT LEWD ACT,19X,1400 12TH AV,Oakland,CA
PROSTITUTION,01/07/2015 04:43:00 PM,15-001246,DISORDERLY CONDUCT:PROSTITUTION,19X,1400 12TH AV,Oakland,CA
PROSTITUTION,01/07/2015 04:58:00 PM,15-001250,DISORDERLY CONDUCT:PROSTITUTION,19X,1700 INTERNATIONAL BLVD,Oakland,CA
PROSTITUTION,01/07/2015 04:58:00 PM,15-001250,DISORDERLY CONDUCT:SOLICIT LEWD ACT,19X,1700 INTERNATIONAL BLVD,Oakland,CA
PROSTITUTION,01/07/2015 05:15:00 PM,15-001253,DISORDERLY CONDUCT:PROSTITUTION,20X,1400 MITCHELL ST,Oakland,CA
PROSTITUTION,01/07/2015 05:15:00 PM,15-001253,DISORDERLY CONDUCT:SOLICIT LEWD ACT,20X,1400 MITCHELL ST,Oakland,CA
PROSTITUTION,01/07/2015 06:23:00 PM,15-001269,DISORDERLY CONDUCT:SOLICIT LEWD ACT,19X,1400 19TH AV,Oakland,CA
PROSTITUTION,01/07/2015 06:23:00 PM,15-001269,DISORDERLY CONDUCT:PROSTITUTION,19X,1400 19TH AV,Oakland,CA
PROSTITUTION,01/07/2015 07:40:00 PM,15-001289,DISORDERLY CONDUCT:PROSTITUTION,23X,1400 40TH AV,Oakland,CA
PROSTITUTION,01/07/2015 07:40:00 PM,15-001289,DISORDERLY CONDUCT:SOLICIT LEWD ACT,23X,1400 40TH AV,Oakland,CA
PROSTITUTION,01/07/2015 07:56:00 PM,15-001292,DISORDERLY CONDUCT:PROSTITUTION,26X,4000 INTERNATIONAL BLVD,Oakland,CA
PROSTITUTION,01/07/2015 07:56:00 PM,15-001292,DISORDERLY CONDUCT:SOLICIT LEWD ACT,26X,4000 INTERNATIONAL BLVD,Oakland,CA
PROSTITUTION,01/08/2015 04:05:00 PM,15-001434,DISORDERLY CONDUCT:PROSTITUTION,19X,1755 EMBARCADERO,Oakland,CA
PROSTITUTION,01/08/2015 04:18:00 PM,15-001438,DISORDERLY CONDUCT:PROSTITUTION,19X,1755 EMBARCADERO,Oakland,CA
PROSTITUTION,01/08/2015 04:30:00 PM,15-001439,DISORDERLY CONDUCT:SOLICIT LEWD ACT,19X,1755 EMBARCADERO,Oakland,CA
PROSTITUTION,01/08/2015 04:30:00 PM,15-001439,DISORDERLY CONDUCT:PROSTITUTION,19X,1755 EMBARCADERO,Oakland,CA
PROSTITUTION,01/08/2015 05:00:00 PM,15-001447,DISORDERLY CONDUCT:PROSTITUTION,19X,1755 EMBARCADERO,Oakland,CA
PROSTITUTION,01/08/2015 05:14:00 PM,15-001451,DISORDERLY CONDUCT:PROSTITUTION,19X,1755 EMBARCADERO,Oakland,CA
PROSTITUTION,01/08/2015 05:25:00 PM,15-001450,DISORDERLY CONDUCT:PROSTITUTION,19X,1755 EMBARCADERO,Oakland,CA
PROSTITUTION,01/08/2015 05:34:00 PM,15-001468,DISORDERLY CONDUCT:PROSTITUTION,19X,1755 EMBARCADERO,Oakland,CA
PROSTITUTION,01/08/2015 05:48:00 PM,15-001455,DISORDERLY CONDUCT:PROSTITUTION,19X,1755 EMBARCADERO,Oakland,CA
PROSTITUTION,01/08/2015 06:00:00 PM,15-001458,DISORDERLY CONDUCT:PROSTITUTION,19X,1755 EMBARCADERO,Oakland,CA
PROSTITUTION,01/08/2015 06:25:00 PM,15-001471,DISORDERLY CONDUCT:PROSTITUTION,19X,1755 EMBARCADERO,Oakland,CA
PROSTITUTION,01/08/2015 06:40:00 PM,15-001475,DISORDERLY CONDUCT:PROSTITUTION,19X,1755 EMBARCADERO,Oakland,CA
PROSTITUTION,01/08/2015 07:55:00 PM,15-001484,DISORDERLY CONDUCT:PROSTITUTION,19X,1755 EMBARCADERO,Oakland,CA
OTHER SEX OFFENSES,01/09/2015 03:55:00 PM,15-001637,DISORDERLY CONDUCT:SOLICIT LEWD ACT,03Y,490 7TH ST,Oakland,CA
PROSTITUTION,01/13/2015 04:50:00 PM,15-002408,DISORDERLY CONDUCT:PROSTITUTION,18X,1700 FOOTHILL BLVD,Oakland,CA
PROSTITUTION,01/13/2015 04:50:00 PM,15-002408,DISORDERLY CONDUCT:SOLICIT LEWD ACT,18X,1700 FOOTHILL BLVD,Oakland,CA
PROSTITUTION,01/13/2015 04:55:00 PM,15-002406,DISORDERLY CONDUCT:PROSTITUTION,19X,1400 BLK. OF 17TH AV.,Oakland,CA
OTHER,01/13/2015 05:00:00 PM,15-002614,DISORDERLY CONDUCT:SOLICIT LEWD ACT,01X,200 200 HARRISON ST ST,Oakland,CA
PROSTITUTION,01/13/2015 05:12:00 PM,15-002414,DISORDERLY CONDUCT:PROSTITUTION,23X,1400 BLOCK OF 23RD AVE,Oakland,CA
DISORDERLY CONDUCT,01/13/2015 05:26:00 PM,15-002415,DISORDERLY CONDUCT:PROSTITUTION,19X,1400 BLOCK OF 19TH AVENUE,Oakland,CA
DISORDERLY CONDUCT,01/13/2015 05:26:00 PM,15-002415,DISORDERLY CONDUCT:SOLICIT LEWD ACT,19X,1400 BLOCK OF 19TH AVENUE,Oakland,CA
PROSTITUTION,01/13/2015 05:36:00 PM,15-002420,DISORDERLY CONDUCT:PROSTITUTION,19X,1801 EMBARCADERO,Oakland,CA
PROSTITUTION,01/13/2015 05:55:00 PM,15-002424,DISORDERLY CONDUCT:PROSTITUTION,19X,1400 21ST AV,Oakland,CA
PROSTITUTION,01/13/2015 06:02:00 PM,15-002425,DISORDERLY CONDUCT:PROSTITUTION,20X,1400 MILLER AV,Oakland,CA
PROSTITUTION,01/13/2015 06:28:00 PM,15-002435,DISORDERLY CONDUCT:PROSTITUTION,20X,1400 BLOCK OF 24TH AVENUE,Oakland,CA
PROSTITUTION,01/13/2015 06:28:00 PM,15-002435,DISORDERLY CONDUCT:SOLICIT LEWD ACT,20X,1400 BLOCK OF 24TH AVENUE,Oakland,CA
PROSTITUTION,01/13/2015 06:36:00 PM,15-002438,DISORDERLY CONDUCT:SOLICIT LEWD ACT,20X,2300 INTERNATIONAL BLVD,Oakland,CA
PROSTITUTION,01/13/2015 06:36:00 PM,15-002438,DISORDERLY CONDUCT:PROSTITUTION,20X,2300 INTERNATIONAL BLVD,Oakland,CA
PROSTITUTION,01/13/2015 06:50:00 PM,15-002439,DISORDERLY CONDUCT:PROSTITUTION,19X,1400 21ST AV,Oakland,CA
PROSTITUTION,01/13/2015 06:50:00 PM,15-002439,DISORDERLY CONDUCT:SOLICIT LEWD ACT,19X,1400 21ST AV,Oakland,CA
PROSTITUTION,01/13/2015 07:07:00 PM,15-002447,DISORDERLY CONDUCT:PROSTITUTION,19X,1700 INTERNATIONAL BLVD,Oakland,CA
PROSTITUTION,01/13/2015 07:28:00 PM,15-002444,DISORDERLY CONDUCT:PROSTITUTION,20X,1400 MITCHELL ST,Oakland,CA
PROSTITUTION,01/13/2015 07:28:00 PM,15-002444,DISORDERLY CONDUCT:SOLICIT LEWD ACT,20X,1400 MITCHELL ST,Oakland,CA
OTHER,01/15/2015 03:40:00 PM,15-002817,DISORDERLY CONDUCT:PROSTITUTION,19X,1801 EMBARCADERO,Oakland,CA
OTHER,01/15/2015 04:04:00 PM,15-002818,DISORDERLY CONDUCT:PROSTITUTION,19X,1801 EMBARCADERO,Oakland,CA
OTHER,01/15/2015 04:25:00 PM,15-002823,DISORDERLY CONDUCT:PROSTITUTION,19X,1801 EMBARCADERO,Oakland,CA
OTHER,01/15/2015 05:10:00 PM,15-002834,DISORDERLY CONDUCT:PROSTITUTION,19X,1801 EMBARCADERO,Oakland,CA
OTHER,01/15/2015 05:31:00 PM,15-002838,DISORDERLY CONDUCT:PROSTITUTION,19X,1801 EMBARCADERO,Oakland,CA
OTHER,01/15/2015 06:25:00 PM,15-002844,DISORDERLY CONDUCT:PROSTITUTION,19X,1801 EMBARCADERO,Oakland,CA
OTHER,01/15/2015 06:58:00 PM,15-002852,DISORDERLY CONDUCT:PROSTITUTION,19X,1801 EMBARCADERO,Oakland,CA
OTHER,01/15/2015 07:03:00 PM,15-002854,DISORDERLY CONDUCT:PROSTITUTION,19X,1801 EMBARCADERO,Oakland,CA
OTHER,01/15/2015 07:29:00 PM,15-002859,DISORDERLY CONDUCT:PROSTITUTION,19X,1801 EMBARCADERO COVE,Oakland,CA
PROSTITUTION,01/15/2015 07:57:00 PM,15-002873,DISORDERLY CONDUCT:PROSTITUTION,23X,4240 INTERNATIONAL BLVD,Oakland,CA
PROSTITUTION,01/15/2015 07:57:00 PM,15-002873,DISORDERLY CONDUCT:SOLICIT LEWD ACT,23X,4240 INTERNATIONAL BLVD,Oakland,CA
OTHER,01/15/2015 08:22:00 PM,15-002865,DISORDERLY CONDUCT:PROSTITUTION,19X,1801 EMBARCADERO,Oakland,CA
PROSTITUTION,01/22/2015 04:45:00 PM,15-004158,DISORDERLY CONDUCT:PROSTITUTION,19X,1801 EMBARCADERO,Oakland,CA
PROSTITUTION,01/22/2015 04:51:00 PM,15-004165,DISORDERLY CONDUCT:PROSTITUTION,19X,1801 EMBARCADERO,Oakland,CA
PROSTITUTION,01/22/2015 05:20:00 PM,15-004155,DISORDERLY CONDUCT:PROSTITUTION,19X,1801 EMBARCADERO,Oakland,CA
PROSTITUTION,01/22/2015 05:48:00 PM,15-004163,DISORDERLY CONDUCT:PROSTITUTION,19X,1801 EMBARCADERO,Oakland,CA
PROSTITUTION,01/22/2015 05:51:00 PM,15-004191,DISORDERLY CONDUCT:PROSTITUTION,19X,1801 EMBARCADERO COVE,Oakland,CA
PROSTITUTION,01/22/2015 06:15:00 PM,15-004171,DISORDERLY CONDUCT:PROSTITUTION,19X,1801 EMBARCADERO COVE,Oakland,CA
PROSTITUTION,01/22/2015 06:36:00 PM,15-004178,DISORDERLY CONDUCT:PROSTITUTION,19X,1801 EMBARCADERO COVE,Oakland,CA
PROSTITUTION,01/22/2015 08:00:00 PM,15-004189,DISORDERLY CONDUCT:PROSTITUTION,19X,1801 EMBARCADERO,Oakland,CA
PROSTITUTION,01/28/2015 02:00:00 PM,15-005371,DISORDERLY CONDUCT:PROSTITUTION,19X,1755 EMBARCADERO,Oakland,CA
PROSTITUTION,01/28/2015 02:00:00 PM,15-005355,DISORDERLY CONDUCT:PROSTITUTION,19X,1755 EMBARCADERO,Oakland,CA
PROSTITUTION,01/28/2015 02:00:00 PM,15-005341,DISORDERLY CONDUCT:PROSTITUTION,19X,1755 EMBARCADERO,Oakland,CA
PROSTITUTION,01/28/2015 02:00:00 PM,15-005324,DISORDERLY CONDUCT:PROSTITUTION,19X,1755 EMBARCADERO,Oakland,CA
PROSTITUTION,01/28/2015 02:00:00 PM,15-005363,DISORDERLY CONDUCT:PROSTITUTION,19X,1755 EMBARCADERO,Oakland,CA
PROSTITUTION,01/28/2015 03:40:00 PM,15-005320,DISORDERLY CONDUCT:PROSTITUTION,19X,1755 EMBARCADERO,Oakland,CA
PROSTITUTION,01/28/2015 04:35:00 PM,15-005335,DISORDERLY CONDUCT:PROSTITUTION,19X,1755 EMBARCADERO,Oakland,CA
PROSTITUTION,01/28/2015 07:30:00 PM,15-005368,DISORDERLY CONDUCT:PROSTITUTION,19X,1755 EMBARCADERO,Oakland,CA
PROSTITUTION,01/28/2015 07:40:00 PM,15-005372,DISORDERLY CONDUCT:PROSTITUTION,19X,1755 EMBARCADERO,Oakland,CA
PROSTITUTION,01/28/2015 07:52:00 PM,15-005373,DISORDERLY CONDUCT:PROSTITUTION,19X,1755 EMBARCADERO,Oakland,CA
PROSTITUTION,01/29/2015 06:50:00 PM,15-005568,DISORDERLY CONDUCT:PROSTITUTION,23X,1200 40TH AV,Oakland,CA
PROSTITUTION,02/03/2015 04:30:00 PM,15-006526,DISORDERLY CONDUCT:PROSTITUTION,07X,3650 MANDELA PKWY,Oakland,CA
PROSTITUTION,02/03/2015 07:40:00 PM,15-006530,DISORDERLY CONDUCT:PROSTITUTION,31Y,698 HEGENBERGER RD,Oakland,CA
PROSTITUTION,02/04/2015 09:00:00 PM,15-046806,DISORDERLY CONDUCT:PROSTITUTION,23X,1400 36TH AVE,Oakland,CA
DISORDERLY CONDUCT,02/10/2015 05:16:00 PM,15-007827,DISORDERLY CONDUCT:SOLICIT LEWD ACT,19X,1400 19TH AV,Oakland,CA
DISORDERLY CONDUCT,02/10/2015 05:16:00 PM,15-007827,DISORDERLY CONDUCT:PROSTITUTION,19X,1400 19TH AV,Oakland,CA
PROSTITUTION,02/10/2015 05:20:00 PM,15-007828,DISORDERLY CONDUCT:PROSTITUTION,23X,3600 INTERNATIONAL BLVD,Oakland,CA
PROSTITUTION,02/10/2015 06:42:00 PM,15-007845,DISORDERLY CONDUCT:PROSTITUTION,19X,2000 INTERNATIONAL BLVD,Oakland,CA
PROSTITUTION,02/10/2015 06:42:00 PM,15-007845,DISORDERLY CONDUCT:SOLICIT LEWD ACT,19X,2000 INTERNATIONAL BLVD,Oakland,CA
PROSTITUTION,02/10/2015 06:48:00 PM,15-007842,DISORDERLY CONDUCT:PROSTITUTION,18X,1700 18TH AV,Oakland,CA
PROSTITUTION,02/10/2015 06:48:00 PM,15-007842,DISORDERLY CONDUCT:SOLICIT LEWD ACT,18X,1700 18TH AV,Oakland,CA
PROSTITUTION,02/10/2015 07:27:00 PM,15-007851,DISORDERLY CONDUCT:PROSTITUTION,20X,1400 28TH AV,Oakland,CA
PROSTITUTION,02/10/2015 08:05:00 PM,15-007854,DISORDERLY CONDUCT:PROSTITUTION,19X,1400 19TH AV,Oakland,CA
PROSTITUTION,02/10/2015 08:05:00 PM,15-007854,DISORDERLY CONDUCT:SOLICIT LEWD ACT,19X,1400 19TH AV,Oakland,CA
PROSTITUTION,02/11/2015 09:00:00 AM,15-008015,DISORDERLY CONDUCT:PROSTITUTION,34X,9020 BIRCH ST,Oakland,CA
PROSTITUTION,02/11/2015 03:32:00 PM,15-007998,DISORDERLY CONDUCT:PROSTITUTION,01X,10 WASHINGTON ST,Oakland,CA
PROSTITUTION,02/11/2015 03:48:00 PM,15-008031,DISORDERLY CONDUCT:PROSTITUTION,01X,10 WASHINGTON ST,Oakland,CA
PROSTITUTION,02/11/2015 04:16:00 PM,15-008014,DISORDERLY CONDUCT:PROSTITUTION,01X,10 WASHINGTON ST,Oakland,CA
PROSTITUTION,02/11/2015 04:20:00 PM,15-008002,DISORDERLY CONDUCT:PROSTITUTION,01X,10 WASHINGTON ST,Oakland,CA
PROSTITUTION,02/11/2015 04:32:00 PM,15-008006,DISORDERLY CONDUCT:PROSTITUTION,01X,10 WASHINGTON ST,Oakland,CA
PROSTITUTION,02/11/2015 04:43:00 PM,15-008013,DISORDERLY CONDUCT:PROSTITUTION,01X,10 WASHINGTON ST,Oakland,CA
PROSTITUTION,02/11/2015 04:45:00 PM,15-008008,DISORDERLY CONDUCT:PROSTITUTION,01X,10 WASHINGTON ST,Oakland,CA
PROSTITUTION,02/11/2015 05:48:00 PM,15-008030,DISORDERLY CONDUCT:PROSTITUTION,01X,10 WASHINGTON ST,Oakland,CA
PROSTITUTION,02/18/2015 05:03:00 PM,15-009249,DISORDERLY CONDUCT:SOLICIT LEWD ACT,19X,1400 18TH AV,Oakland,CA
PROSTITUTION,02/18/2015 05:03:00 PM,15-009249,DISORDERLY CONDUCT:PROSTITUTION,19X,1400 18TH AV,Oakland,CA
PROSTITUTION,02/18/2015 05:40:00 PM,15-009260,DISORDERLY CONDUCT:SOLICIT LEWD ACT,19X,1400 19TH AV,Oakland,CA
PROSTITUTION,02/18/2015 05:40:00 PM,15-009260,DISORDERLY CONDUCT:PROSTITUTION,19X,1400 19TH AV,Oakland,CA
PROSTITUTION,02/18/2015 05:50:00 PM,15-009263,DISORDERLY CONDUCT:PROSTITUTION,19X,17TH AV & INTERNATIONAL BLVD,Oakland,CA
PROSTITUTION,02/18/2015 05:50:00 PM,15-009263,DISORDERLY CONDUCT:SOLICIT LEWD ACT,19X,17TH AV & INTERNATIONAL BLVD,Oakland,CA
PROSTITUTION,02/18/2015 06:47:00 PM,15-009274,DISORDERLY CONDUCT:PROSTITUTION,19X,1400 18TH AV,Oakland,CA
PROSTITUTION,02/18/2015 06:47:00 PM,15-009274,DISORDERLY CONDUCT:SOLICIT LEWD ACT,19X,1400 18TH AV,Oakland,CA
PROSTITUTION,02/18/2015 07:24:00 PM,15-009278,DISORDERLY CONDUCT:PROSTITUTION,19X,2000 INTERNATIONAL BLVD,Oakland,CA
PROSTITUTION,02/18/2015 07:24:00 PM,15-009278,DISORDERLY CONDUCT:SOLICIT LEWD ACT,19X,2000 INTERNATIONAL BLVD,Oakland,CA
PROSTITUTION,02/18/2015 07:38:00 PM,15-009282,DISORDERLY CONDUCT:PROSTITUTION,23X,1300 39TH AV,Oakland,CA
PROSTITUTION,02/18/2015 07:38:00 PM,15-009282,DISORDERLY CONDUCT:SOLICIT LEWD ACT,23X,1300 39TH AV,Oakland,CA
PROSTITUTION,02/19/2015 03:00:00 PM,15-009432,DISORDERLY CONDUCT:PROSTITUTION,19X,1755 EMBARCADERO,Oakland,CA
PROSTITUTION,02/19/2015 04:15:00 PM,15-009443,DISORDERLY CONDUCT:PROSTITUTION,19X,1755 EMBARCADERO COVE,Oakland,CA
PROSTITUTION,02/24/2015 04:57:00 PM,15-010393,DISORDERLY CONDUCT:SOLICIT LEWD ACT,19X,NE CORNER 17TH AVE. & INTERNATIONAL BLVD.,Oakland,CA
PROSTITUTION,02/24/2015 04:57:00 PM,15-010393,DISORDERLY CONDUCT:PROSTITUTION,19X,NE CORNER 17TH AVE. & INTERNATIONAL BLVD.,Oakland,CA
PROSTITUTION,02/24/2015 06:34:00 PM,15-010411,DISORDERLY CONDUCT:PROSTITUTION,20X,1400 MITCHELL ST,Oakland,CA
OTHER SEX OFFENSES,02/24/2015 06:50:00 PM,15-010414,DISORDERLY CONDUCT:SOLICIT LEWD ACT,19X,1400 19TH AV,Oakland,CA
OTHER SEX OFFENSES,02/24/2015 07:15:00 PM,15-010419,DISORDERLY CONDUCT:SOLICIT LEWD ACT,19X,800 INTERNATIONAL BLVD,Oakland,CA
OTHER SEX OFFENSES,02/24/2015 07:21:00 PM,15-010418,DISORDERLY CONDUCT:SOLICIT LEWD ACT,20X,1400 27TH AV,Oakland,CA
OTHER SEX OFFENSES,02/24/2015 07:21:00 PM,15-010418,DISORDERLY CONDUCT:PROSTITUTION,20X,1400 27TH AV,Oakland,CA
OTHER SEX OFFENSES,02/24/2015 07:31:00 PM,15-010420,DISORDERLY CONDUCT:SOLICIT LEWD ACT,19X,1400 12TH AV,Oakland,CA
PROSTITUTION,02/25/2015 05:00:00 PM,15-010601,DISORDERLY CONDUCT:PROSTITUTION,31Y,8480 EDES AV,Oakland,CA
PROSTITUTION,02/25/2015 05:00:00 PM,15-010613,DISORDERLY CONDUCT:PROSTITUTION,31Y,8480 EDES AV,Oakland,CA
PROSTITUTION,02/25/2015 05:00:00 PM,15-010593,DISORDERLY CONDUCT:PROSTITUTION,31Y,8480 EDES AV,Oakland,CA
PROSTITUTION,02/25/2015 05:04:00 PM,15-010579,DISORDERLY CONDUCT:PROSTITUTION,31Y,8480 EDES AV,Oakland,CA
PROSTITUTION,02/25/2015 05:30:00 PM,15-010603,DISORDERLY CONDUCT:PROSTITUTION,31Y,8480 EDES AV,Oakland,CA
PROSTITUTION,02/25/2015 05:50:00 PM,15-010610,DISORDERLY CONDUCT:PROSTITUTION,31Y,8480 EDES AV,Oakland,CA
PROSTITUTION,02/25/2015 05:52:00 PM,15-010611,DISORDERLY CONDUCT:PROSTITUTION,31Y,8480 EDES AV,Oakland,CA
PROSTITUTION,02/25/2015 06:03:00 PM,15-010608,DISORDERLY CONDUCT:PROSTITUTION,31Y,8480 EDES AV,Oakland,CA
PROSTITUTION,02/25/2015 06:21:00 PM,15-010615,DISORDERLY CONDUCT:PROSTITUTION,31Y,8480 EDES AV,Oakland,CA
PROSTITUTION,02/25/2015 06:49:00 PM,15-010628,DISORDERLY CONDUCT:PROSTITUTION,31Y,8480 EDES AV,Oakland,CA
PROSTITUTION,02/25/2015 07:09:00 PM,15-010630,DISORDERLY CONDUCT:PROSTITUTION,31Y,8480 EDES AV,Oakland,CA
PROSTITUTION,02/25/2015 07:12:00 PM,15-010629,DISORDERLY CONDUCT:PROSTITUTION,31Y,8480 EDES AV,Oakland,CA
PROSTITUTION,03/02/2015 04:47:00 PM,15-011510,DISORDERLY CONDUCT:PROSTITUTION,03X,325 13TH ST.,Oakland,CA
PROSTITUTION,03/02/2015 07:00:00 PM,15-011526,DISORDERLY CONDUCT:PROSTITUTION,19X,1000 E 12TH ST,Oakland,CA
PROSTITUTION,03/09/2015 05:00:00 PM,15-012758,DISORDERLY CONDUCT:PROSTITUTION,31X,302 PENDLETON WY,Oakland,CA
PROSTITUTION,03/12/2015 04:30:00 PM,15-013378,DISORDERLY CONDUCT:PROSTITUTION,31Y,150 HEGENBERGER RD,Oakland,CA
PROSTITUTION,03/12/2015 05:00:00 PM,15-013384,DISORDERLY CONDUCT:PROSTITUTION,31Y,150 HEGENBERGER RD,Oakland,CA
PROSTITUTION,03/12/2015 07:23:00 PM,15-013419,DISORDERLY CONDUCT:PROSTITUTION,31Y,150 HEGENBERGER RD,Oakland,CA
PROSTITUTION,03/12/2015 07:29:00 PM,15-013417,DISORDERLY CONDUCT:PROSTITUTION,31Y,150 HEGENBERGER RD,Oakland,CA
PROSTITUTION,03/12/2015 07:33:00 PM,15-013420,DISORDERLY CONDUCT:PROSTITUTION,31Y,150 HEGENBERGER RD,Oakland,CA
PROSTITUTION,03/12/2015 07:35:00 PM,15-013421,DISORDERLY CONDUCT:PROSTITUTION,31Y,150 HEGENBERGER RD,Oakland,CA
PROSTITUTION,03/12/2015 07:56:00 PM,15-013422,DISORDERLY CONDUCT:PROSTITUTION,31Y,150 HEGENBERGER RD,Oakland,CA
PROSTITUTION,03/12/2015 07:59:00 PM,15-013426,DISORDERLY CONDUCT:PROSTITUTION,31Y,150 HEGENBERGER RD,Oakland,CA
PROSTITUTION,03/18/2015 04:00:00 PM,15-014625,DISORDERLY CONDUCT:PROSTITUTION,19X,11TH AV & INTERNATIONAL BLVD,Oakland,CA
PROSTITUTION,03/18/2015 05:27:00 PM,15-014600,DISORDERLY CONDUCT:PROSTITUTION,19X,20TH AV & INTERNATIONAL BLVD,Oakland,CA
PROSTITUTION,03/18/2015 05:27:00 PM,15-014600,DISORDERLY CONDUCT:SOLICIT LEWD ACT,19X,20TH AV & INTERNATIONAL BLVD,Oakland,CA
PROSTITUTION,03/18/2015 05:35:00 PM,15-014602,DISORDERLY CONDUCT:PROSTITUTION,18Y,2800 14TH AV,Oakland,CA
PROSTITUTION,03/18/2015 05:45:00 PM,15-014604,DISORDERLY CONDUCT:PROSTITUTION,19X,1700 INTERNATIONAL BLVD,Oakland,CA
PROSTITUTION,03/18/2015 05:45:00 PM,15-014604,DISORDERLY CONDUCT:SOLICIT LEWD ACT,19X,1700 INTERNATIONAL BLVD,Oakland,CA
PROSTITUTION,03/18/2015 05:49:00 PM,15-014605,DISORDERLY CONDUCT:PROSTITUTION,19X,1400 19TH AV,Oakland,CA
PROSTITUTION,03/18/2015 05:55:00 PM,15-014607,DISORDERLY CONDUCT:PROSTITUTION,18X,2100 E 19TH ST,Oakland,CA
PROSTITUTION,03/18/2015 05:55:00 PM,15-014607,DISORDERLY CONDUCT:SOLICIT LEWD ACT,18X,2100 E 19TH ST,Oakland,CA
PROSTITUTION,03/18/2015 06:08:00 PM,15-014608,DISORDERLY CONDUCT:PROSTITUTION,23X,FRUITVALE AV & INTERNATIONAL BLVD,Oakland,CA
PROSTITUTION,03/18/2015 06:08:00 PM,15-014608,DISORDERLY CONDUCT:SOLICIT LEWD ACT,23X,FRUITVALE AV & INTERNATIONAL BLVD,Oakland,CA
PROSTITUTION,03/18/2015 07:10:00 PM,15-014623,DISORDERLY CONDUCT:PROSTITUTION,19X,1400 11TH AV,Oakland,CA
PROSTITUTION,03/18/2015 07:36:00 PM,15-014626,DISORDERLY CONDUCT:SOLICIT LEWD ACT,24X,38T 3700 BLK OF INTERNATIONAL BLVD BLVD,Oakland,CA
PROSTITUTION,03/18/2015 08:05:00 PM,15-014632,DISORDERLY CONDUCT:PROSTITUTION,19X,1400 9TH AV,Oakland,CA
PROSTITUTION,03/18/2015 08:05:00 PM,15-014632,DISORDERLY CONDUCT:SOLICIT LEWD ACT,19X,1400 9TH AV,Oakland,CA
PROSTITUTION,03/18/2015 08:10:00 PM,15-014633,DISORDERLY CONDUCT:SOLICIT LEWD ACT,19X,1200 14TH AV,Oakland,CA
PROSTITUTION,03/18/2015 08:10:00 PM,15-014633,DISORDERLY CONDUCT:PROSTITUTION,19X,1200 14TH AV,Oakland,CA
PROSTITUTION,03/18/2015 08:28:00 PM,15-014634,DISORDERLY CONDUCT:SOLICIT LEWD ACT,20X,27TH AV & INTERNATIONAL BLVD,Oakland,CA
PROSTITUTION,03/18/2015 08:28:00 PM,15-014634,DISORDERLY CONDUCT:PROSTITUTION,20X,27TH AV & INTERNATIONAL BLVD,Oakland,CA
PROSTITUTION,03/18/2015 09:06:00 PM,15-014641,DISORDERLY CONDUCT:PROSTITUTION,23X,1300 37TH AV,Oakland,CA
PROSTITUTION,03/18/2015 09:06:00 PM,15-014641,DISORDERLY CONDUCT:SOLICIT LEWD ACT,23X,1300 37TH AV,Oakland,CA
PROSTITUTION,03/19/2015 05:36:00 PM,15-014821,DISORDERLY CONDUCT:PROSTITUTION,27Y,1400 54TH AV,Oakland,CA
PROSTITUTION,03/19/2015 05:36:00 PM,15-014821,DISORDERLY CONDUCT:SOLICIT LEWD ACT,27Y,1400 54TH AV,Oakland,CA
PROSTITUTION,03/19/2015 05:54:00 PM,15-014823,DISORDERLY CONDUCT:SOLICIT LEWD ACT,20X,1400 24TH AV,Oakland,CA
PROSTITUTION,03/19/2015 05:54:00 PM,15-014823,DISORDERLY CONDUCT:PROSTITUTION,20X,1400 24TH AV,Oakland,CA
PROSTITUTION,03/19/2015 06:30:00 PM,15-014834,DISORDERLY CONDUCT:PROSTITUTION,20X,3050 E. 12TH ST,Oakland,CA
PROSTITUTION,03/19/2015 06:30:00 PM,15-014834,DISORDERLY CONDUCT:SOLICIT LEWD ACT,20X,3050 E. 12TH ST,Oakland,CA
PROSTITUTION,03/19/2015 07:03:00 PM,15-014840,DISORDERLY CONDUCT:PROSTITUTION,20X,2500 INTERNATIONAL BLVD,Oakland,CA
PROSTITUTION,03/19/2015 07:03:00 PM,15-014840,DISORDERLY CONDUCT:SOLICIT LEWD ACT,20X,2500 INTERNATIONAL BLVD,Oakland,CA
PROSTITUTION,03/19/2015 07:06:00 PM,15-014839,DISORDERLY CONDUCT:SOLICIT LEWD ACT,20X,1400 MILLER AV,Oakland,CA
PROSTITUTION,03/19/2015 07:06:00 PM,15-014839,DISORDERLY CONDUCT:PROSTITUTION,20X,1400 MILLER AV,Oakland,CA
PROSTITUTION,03/19/2015 07:25:00 PM,15-014844,DISORDERLY CONDUCT:SOLICIT LEWD ACT,23X,1400 36TH AV,Oakland,CA
PROSTITUTION,03/19/2015 07:25:00 PM,15-014844,DISORDERLY CONDUCT:PROSTITUTION,23X,1400 36TH AV,Oakland,CA
PROSTITUTION,03/19/2015 07:40:00 PM,15-014850,DISORDERLY CONDUCT:SOLICIT LEWD ACT,19X,1400 20TH AV,Oakland,CA
PROSTITUTION,03/19/2015 07:40:00 PM,15-014850,DISORDERLY CONDUCT:PROSTITUTION,19X,1400 20TH AV,Oakland,CA
PROSTITUTION,03/20/2015 12:00:00 AM,15-015034,DISORDERLY CONDUCT:SOLICIT LEWD ACT,03X,8TH ST & FRANKLIN ST,Oakland,CA
PROSTITUTION,03/24/2015 05:13:00 PM,15-015701,DISORDERLY CONDUCT:PROSTITUTION,21X,2500 FOOTHILL BLVD,Oakland,CA
PROSTITUTION,03/24/2015 05:15:00 PM,15-015705,DISORDERLY CONDUCT:PROSTITUTION,19X,1400 18TH AV,Oakland,CA
PROSTITUTION,03/24/2015 05:15:00 PM,15-015705,DISORDERLY CONDUCT:SOLICIT LEWD ACT,19X,1400 18TH AV,Oakland,CA
PROSTITUTION,03/24/2015 05:30:00 PM,15-015707,DISORDERLY CONDUCT:SOLICIT LEWD ACT,18X,2000 FOOTHILL BLVD,Oakland,CA
PROSTITUTION,03/24/2015 05:30:00 PM,15-015707,DISORDERLY CONDUCT:PROSTITUTION,18X,2000 FOOTHILL BLVD,Oakland,CA
PROSTITUTION,03/24/2015 05:45:00 PM,15-015712,DISORDERLY CONDUCT:PROSTITUTION,19X,1400 20TH AV,Oakland,CA
PROSTITUTION,03/24/2015 05:45:00 PM,15-015712,DISORDERLY CONDUCT:SOLICIT LEWD ACT,19X,1400 20TH AV,Oakland,CA
PROSTITUTION,03/24/2015 06:55:00 PM,15-015725,DISORDERLY CONDUCT:SOLICIT LEWD ACT,20X,1400 MILLER AV,Oakland,CA
PROSTITUTION,03/24/2015 06:55:00 PM,15-015725,DISORDERLY CONDUCT:PROSTITUTION,20X,1400 MILLER AV,Oakland,CA
PROSTITUTION,03/24/2015 07:15:00 PM,15-015730,DISORDERLY CONDUCT:PROSTITUTION,19X,1400 21ST AV,Oakland,CA
PROSTITUTION,03/24/2015 07:15:00 PM,15-015730,DISORDERLY CONDUCT:SOLICIT LEWD ACT,19X,1400 21ST AV,Oakland,CA
PROSTITUTION,03/24/2015 07:35:00 PM,15-015733,DISORDERLY CONDUCT:PROSTITUTION,27X,4800 BANCROFT AV,Oakland,CA
PROSTITUTION,03/24/2015 07:35:00 PM,15-015731,DISORDERLY CONDUCT:PROSTITUTION,19X,1400 13TH AV,Oakland,CA
PROSTITUTION,03/24/2015 07:35:00 PM,15-015731,DISORDERLY CONDUCT:SOLICIT LEWD ACT,19X,1400 13TH AV,Oakland,CA
PROSTITUTION,03/24/2015 07:35:00 PM,15-015733,DISORDERLY CONDUCT:SOLICIT LEWD ACT,27X,4800 BANCROFT AV,Oakland,CA
PROSTITUTION,03/24/2015 09:55:00 PM,15-015753,DISORDERLY CONDUCT:PROSTITUTION,31X,1 HEGENBERGER RD,Oakland,CA
PROSTITUTION,03/25/2015 05:32:00 PM,15-015907,DISORDERLY CONDUCT:SOLICIT LEWD ACT,07X,2300 WEST ST,Oakland,CA
PROSTITUTION,03/25/2015 05:32:00 PM,15-015907,DISORDERLY CONDUCT:PROSTITUTION,07X,2300 WEST ST,Oakland,CA
OTHER,03/25/2015 05:40:00 PM,15-015912,DISORDERLY CONDUCT:PROSTITUTION,07X,800 BLK OF 27TH ST,Oakland,CA
OTHER,03/25/2015 05:40:00 PM,15-015912,DISORDERLY CONDUCT:SOLICIT LEWD ACT,07X,800 BLK OF 27TH ST,Oakland,CA
PROSTITUTION,03/25/2015 06:29:00 PM,15-015920,DISORDERLY CONDUCT:PROSTITUTION,05X,2200 BRUSH ST,Oakland,CA
PROSTITUTION,03/25/2015 07:04:00 PM,15-015925,DISORDERLY CONDUCT:PROSTITUTION,07X,2901 SAN PABLO AV,Oakland,CA
PROSTITUTION,03/25/2015 07:04:00 PM,15-015925,DISORDERLY CONDUCT:SOLICIT LEWD ACT,07X,2901 SAN PABLO AV,Oakland,CA
PROSTITUTION,03/25/2015 07:57:00 PM,15-015938,DISORDERLY CONDUCT:PROSTITUTION,19X,1400 10TH AV,Oakland,CA
PROSTITUTION,03/25/2015 07:57:00 PM,15-015938,DISORDERLY CONDUCT:SOLICIT LEWD ACT,19X,1400 10TH AV,Oakland,CA
PROSTITUTION,03/25/2015 08:02:00 PM,15-015939,DISORDERLY CONDUCT:PROSTITUTION,20X,INTERNATIONAL BLVD,Oakland,CA
PROSTITUTION,03/25/2015 08:02:00 PM,15-015939,DISORDERLY CONDUCT:SOLICIT LEWD ACT,20X,INTERNATIONAL BLVD,Oakland,CA
PROSTITUTION,03/25/2015 08:34:00 PM,15-015949,DISORDERLY CONDUCT:PROSTITUTION,20X,1400 MILLER AV,Oakland,CA
PROSTITUTION,03/25/2015 08:34:00 PM,15-015949,DISORDERLY CONDUCT:SOLICIT LEWD ACT,20X,1400 MILLER AV,Oakland,CA
PROSTITUTION,03/25/2015 08:53:00 PM,15-015952,DISORDERLY CONDUCT:PROSTITUTION,18X,1700 FOOTHILL BLVD,Oakland,CA
PROSTITUTION,03/25/2015 08:53:00 PM,15-015952,DISORDERLY CONDUCT:SOLICIT LEWD ACT,18X,1700 FOOTHILL BLVD,Oakland,CA
FELONY ASSAULT,03/25/2015 08:55:00 PM,15-015942,DISORDERLY CONDUCT:SOLICIT LEWD ACT,20X,1400 28TH AV,Oakland,CA
FELONY ASSAULT,03/25/2015 08:55:00 PM,15-015942,DISORDERLY CONDUCT:PROSTITUTION,20X,1400 28TH AV,Oakland,CA
PROSTITUTION,03/31/2015 05:20:00 PM,15-017079,DISORDERLY CONDUCT:PROSTITUTION,26X,12TH ST & 47TH AV,Oakland,CA
PROSTITUTION,03/31/2015 05:20:00 PM,15-017079,DISORDERLY CONDUCT:SOLICIT LEWD ACT,26X,12TH ST & 47TH AV,Oakland,CA
NARCOTICS,04/08/2015 06:20:00 PM,15-018638,DISORDERLY CONDUCT:PROSTITUTION,23X,1200 41ST AV,Oakland,CA
PROSTITUTION,04/10/2015 09:15:00 AM,15-018998,DISORDERLY CONDUCT:PROSTITUTION,34X,1400 AUSEON AV,Oakland,CA
PROSTITUTION,04/10/2015 09:15:00 AM,15-018998,DISORDERLY CONDUCT:SOLICIT LEWD ACT,34X,1400 AUSEON AV,Oakland,CA
PROSTITUTION,04/14/2015 05:00:00 PM,15-019797,DISORDERLY CONDUCT:PROSTITUTION,19X,1400 19TH AV,Oakland,CA
PROSTITUTION,04/14/2015 05:10:00 PM,15-019798,DISORDERLY CONDUCT:PROSTITUTION,20X,1400 24TH AV,Oakland,CA
PROSTITUTION,04/14/2015 06:00:00 PM,15-019808,DISORDERLY CONDUCT:PROSTITUTION,20X,1400 29TH AV,Oakland,CA
PROSTITUTION,04/14/2015 06:00:00 PM,15-019808,DISORDERLY CONDUCT:SOLICIT LEWD ACT,20X,1400 29TH AV,Oakland,CA
PROSTITUTION,04/14/2015 06:03:00 PM,15-019811,DISORDERLY CONDUCT:PROSTITUTION,19X,1800 INTERNATIONAL BLVD,Oakland,CA
PROSTITUTION,04/14/2015 06:52:00 PM,15-019823,DISORDERLY CONDUCT:PROSTITUTION,20X,28TH AV & INTERNATIONAL BLVD,Oakland,CA
PROSTITUTION,04/14/2015 07:29:00 PM,15-019827,DISORDERLY CONDUCT:PROSTITUTION,23X,37TH AVE AND INTERNATIONAL BLVD,Oakland,CA
PROSTITUTION,04/14/2015 08:05:00 PM,15-019834,DISORDERLY CONDUCT:PROSTITUTION,19X,2200 INTERNATIONAL BLVD,Oakland,CA
PROSTITUTION,04/16/2015 02:00:00 PM,15-020235,DISORDERLY CONDUCT:PROSTITUTION,19X,1801 EMBARCADERO,Oakland,CA
PROSTITUTION,04/16/2015 02:00:00 PM,15-020238,DISORDERLY CONDUCT:PROSTITUTION,19X,1801 EMBARCADERO,Oakland,CA
PROSTITUTION,04/16/2015 02:00:00 PM,15-020224,DISORDERLY CONDUCT:PROSTITUTION,19X,1801 EMBARCADERO,Oakland,CA
NARCOTICS,04/16/2015 06:03:00 PM,15-020253,DISORDERLY CONDUCT:PROSTITUTION,19X,1801 EMBARCADERO,Oakland,CA
PROSTITUTION,04/16/2015 06:30:00 PM,15-020254,DISORDERLY CONDUCT:PROSTITUTION,19X,1801 EMBARCADERO,Oakland,CA
PROSTITUTION,04/16/2015 08:10:00 PM,15-020265,DISORDERLY CONDUCT:PROSTITUTION,19X,1801 EMBARCADERO,Oakland,CA
PROSTITUTION,04/21/2015 05:00:00 PM,15-021164,DISORDERLY CONDUCT:PROSTITUTION,08X,3170 TELEGRAPH AV,Oakland,CA
PROSTITUTION,04/21/2015 07:09:00 PM,15-021183,DISORDERLY CONDUCT:PROSTITUTION,03X,1123 WEBSTER ST,Oakland,CA
OTHER SEX OFFENSES,04/22/2015 05:26:00 PM,15-021349,DISORDERLY CONDUCT:PROSTITUTION,19X,1900 EMBARCADERO,Oakland,CA
OTHER SEX OFFENSES,04/22/2015 05:26:00 PM,15-021349,DISORDERLY CONDUCT:SOLICIT LEWD ACT,19X,1900 EMBARCADERO,Oakland,CA
PROSTITUTION,04/22/2015 06:04:00 PM,15-021362,DISORDERLY CONDUCT:PROSTITUTION,18X,1700 18TH AV,Oakland,CA
DISORDERLY CONDUCT,04/22/2015 06:10:00 PM,15-021363,DISORDERLY CONDUCT:SOLICIT LEWD ACT,18X,1600 18TH AV,Oakland,CA
DISORDERLY CONDUCT,04/22/2015 06:10:00 PM,15-021363,DISORDERLY CONDUCT:PROSTITUTION,18X,1600 18TH AV,Oakland,CA
PROSTITUTION,04/22/2015 06:55:00 PM,15-021373,DISORDERLY CONDUCT:PROSTITUTION,19X,1300 16TH AV,Oakland,CA
PROSTITUTION,04/22/2015 07:12:00 PM,15-021377,DISORDERLY CONDUCT:PROSTITUTION,19X,1400 8TH AV,Oakland,CA
PROSTITUTION,04/22/2015 07:12:00 PM,15-021377,DISORDERLY CONDUCT:SOLICIT LEWD ACT,19X,1400 8TH AV,Oakland,CA
PROSTITUTION,05/06/2015 04:55:00 PM,15-024003,DISORDERLY CONDUCT:PROSTITUTION,18X,1600 16TH AV,Oakland,CA
PROSTITUTION,05/06/2015 06:18:00 PM,15-024034,DISORDERLY CONDUCT:PROSTITUTION,18X,1600 15TH AV,Oakland,CA
PROSTITUTION,05/07/2015 06:00:00 PM,15-025148,DISORDERLY CONDUCT:PROSTITUTION,22Y,"459 PC(AUTO)-NO ONE IN CUSTODY, SGT. PEREZNEGRON",Oakland,CA
PROSTITUTION,05/08/2015 11:58:00 PM,15-024657,DISORDERLY CONDUCT:PROSTITUTION,19X,900 KENNEDY ST,Oakland,CA
PROSTITUTION,05/12/2015 06:40:00 PM,15-025170,DISORDERLY CONDUCT:PROSTITUTION,25X,4140 MACARTHUR BLVD,Oakland,CA
DISORDERLY CONDUCT,05/13/2015 03:00:00 PM,15-025354,DISORDERLY CONDUCT:PROSTITUTION,19X,1801 1801 EMBARCADERO,Oakland,CA
DISORDERLY CONDUCT,05/13/2015 03:00:00 PM,15-025353,DISORDERLY CONDUCT:PROSTITUTION,19X,1801 EMBARCADERO,Oakland,CA
VANDALISM,05/13/2015 06:26:00 PM,15-025358,DISORDERLY CONDUCT:PROSTITUTION,19X,1801 EMBARCADERO,Oakland,CA
OTHER,05/16/2015 01:00:00 AM,15-025929,DISORDERLY CONDUCT:PROSTITUTION,02X,1065 8TH ST,Oakland,CA
PROSTITUTION,05/18/2015 04:37:00 PM,15-026324,DISORDERLY CONDUCT:PROSTITUTION,19X,19TH AV & INTERNATIONAL BLVD,Oakland,CA
PROSTITUTION,05/18/2015 05:15:00 PM,15-026330,DISORDERLY CONDUCT:PROSTITUTION,19X,1400 10TH AV,Oakland,CA
PROSTITUTION,05/18/2015 05:15:00 PM,15-026330,DISORDERLY CONDUCT:SOLICIT LEWD ACT,19X,1400 10TH AV,Oakland,CA
PROSTITUTION,05/18/2015 05:40:00 PM,15-026335,DISORDERLY CONDUCT:PROSTITUTION,18X,15TH AV & E 17TH ST,Oakland,CA
PROSTITUTION,05/26/2015 04:15:00 PM,15-027799,DISORDERLY CONDUCT:PROSTITUTION,07X,3650 MANDELA PKWY,Oakland,CA
PROSTITUTION,05/26/2015 04:20:00 PM,15-027794,DISORDERLY CONDUCT:PROSTITUTION,07X,3650 MANDELA PKWY,Oakland,CA
PROSTITUTION,05/26/2015 04:30:00 PM,15-027800,DISORDERLY CONDUCT:PROSTITUTION,07X,3650 MANDELA PKWY,Oakland,CA
PROSTITUTION,05/26/2015 04:35:00 PM,15-027802,DISORDERLY CONDUCT:PROSTITUTION,07X,3650 MANDELA PKWY,Oakland,CA
INCIDENT TYPE,05/26/2015 04:45:00 PM,15-027804,DISORDERLY CONDUCT:PROSTITUTION,07X,3650 MANDELA PKWY,Oakland,CA
PROSTITUTION,05/26/2015 04:50:00 PM,15-027808,DISORDERLY CONDUCT:PROSTITUTION,07X,3650 MANDELA PKWY,Oakland,CA
PROSTITUTION,05/26/2015 05:00:00 PM,15-027811,DISORDERLY CONDUCT:PROSTITUTION,07X,3650 MANDELA PKWY,Oakland,CA
PROSTITUTION,05/26/2015 05:34:00 PM,15-027818,DISORDERLY CONDUCT:PROSTITUTION,07X,3650 MANDELA PKWY,Oakland,CA
PROSTITUTION,05/26/2015 05:48:00 PM,15-027819,DISORDERLY CONDUCT:PROSTITUTION,07X,3650 MANDELA PKWY,Oakland,CA
OTHER,05/26/2015 06:10:00 PM,15-028063,DISORDERLY CONDUCT:PROSTITUTION,31X,302 PENDLETON WAY,Oakland,CA
PROSTITUTION,05/26/2015 06:45:00 PM,15-027847,DISORDERLY CONDUCT:PROSTITUTION,07X,3650 MANDELA PKWY,Oakland,CA
PROSTITUTION,05/26/2015 06:48:00 PM,15-027845,DISORDERLY CONDUCT:PROSTITUTION,07X,3650 MANDELA PKWY,Oakland,CA
NARCOTICS,05/26/2015 06:57:00 PM,15-027846,DISORDERLY CONDUCT:PROSTITUTION,07X,3650 MANDELA PKWY,Oakland,CA
PROSTITUTION,05/26/2015 07:10:00 PM,15-027848,DISORDERLY CONDUCT:PROSTITUTION,07X,3650 MANDELA PKWY,Oakland,CA
PROSTITUTION,05/26/2015 07:35:00 PM,15-027855,DISORDERLY CONDUCT:PROSTITUTION,07X,3650 MANDELA PKWY,Oakland,CA
OTHER,05/27/2015 05:10:00 PM,15-028056,DISORDERLY CONDUCT:PROSTITUTION,31Z,888 98TH AV,Oakland,CA
PROSTITUTION,06/02/2015 05:47:00 PM,15-029225,DISORDERLY CONDUCT:PROSTITUTION,19X,1400 17TH AV,Oakland,CA
PROSTITUTION,06/02/2015 06:03:00 PM,15-029243,DISORDERLY CONDUCT:PROSTITUTION,26X,4919 COLISEUM WAY,Oakland,CA
PROSTITUTION,06/03/2015 11:00:00 AM,15-039974,DISORDERLY CONDUCT:PROSTITUTION,03Y,455 7TH ST,Oakland,CA
PROSTITUTION,06/09/2015 06:53:00 PM,15-030575,DISORDERLY CONDUCT:PROSTITUTION,08X,411 30TH ST,Oakland,CA
PROSTITUTION,06/09/2015 11:15:00 PM,15-030607,DISORDERLY CONDUCT:SOLICIT LEWD ACT,21Y,2300 FRUITVALE AV,Oakland,CA
MISDEMEANOR WARRANT,06/20/2015 11:02:00 AM,15-032673,DISORDERLY CONDUCT:SOLICIT LEWD ACT,32Y,98TH AV & ELMVIEW DR,Oakland,CA
MISDEMEANOR WARRANT,06/20/2015 11:02:00 AM,15-032673,DISORDERLY CONDUCT:PROSTITUTION,32Y,98TH AV & ELMVIEW DR,Oakland,CA
MISDEMEANOR WARRANT,06/24/2015 05:10:00 PM,15-033517,DISORDERLY CONDUCT:PROSTITUTION,19X,1300 19TH AVE.,Oakland,CA
MISDEMEANOR WARRANT,06/24/2015 05:15:00 PM,15-033527,DISORDERLY CONDUCT:PROSTITUTION,19X,1400 BLOCK OF 19TH AVENUE,Oakland,CA
DISORDERLY CONDUCT,06/24/2015 05:17:00 PM,15-033512,DISORDERLY CONDUCT:PROSTITUTION,19X,2000 E 15TH ST,Oakland,CA
PROSTITUTION,06/24/2015 05:26:00 PM,15-033514,DISORDERLY CONDUCT:PROSTITUTION,19X,1900 INTERNATIONAL BLVD,Oakland,CA
MISDEMEANOR WARRANT,06/24/2015 05:58:00 PM,15-033525,DISORDERLY CONDUCT:PROSTITUTION,19X,1200 16TH AVE,Oakland,CA
PROSTITUTION,06/25/2015 02:00:00 PM,15-033714,DISORDERLY CONDUCT:PROSTITUTION,08X,2443 TELEGRAPH AV,Oakland,CA
MISDEMEANOR WARRANT,06/25/2015 05:02:00 PM,15-033729,DISORDERLY CONDUCT:PROSTITUTION,10X,5900 SHATTUCK AVE,Oakland,CA
DRUNKENNESS,07/13/2015 03:45:00 PM,15-037183,DISORDERLY CONDUCT:SOLICIT LEWD ACT,26Y,1300 64TH AV,Oakland,CA
MISDEMEANOR WARRANT,07/14/2015 08:02:00 PM,15-037422,DISORDERLY CONDUCT:PROSTITUTION,19X,1800 INTERNATIONAL BLVD,Oakland,CA
OTHER SEX OFFENSES,07/15/2015 05:00:00 PM,15-037621,DISORDERLY CONDUCT:PROSTITUTION,19X,1300 20TH AV,Oakland,CA
OTHER SEX OFFENSES,07/15/2015 05:00:00 PM,15-037621,DISORDERLY CONDUCT:SOLICIT LEWD ACT,19X,1300 20TH AV,Oakland,CA
OTHER SEX OFFENSES,07/15/2015 06:40:00 PM,15-037644,DISORDERLY CONDUCT:PROSTITUTION,18X,1900 20TH AV,Oakland,CA
OTHER SEX OFFENSES,07/15/2015 06:40:00 PM,15-037644,DISORDERLY CONDUCT:SOLICIT LEWD ACT,18X,1900 20TH AV,Oakland,CA
PROSTITUTION,07/15/2015 06:57:00 PM,15-037643,DISORDERLY CONDUCT:PROSTITUTION,20X,DERBY AV & E 15TH ST,Oakland,CA
PROSTITUTION,07/15/2015 06:57:00 PM,15-037643,DISORDERLY CONDUCT:SOLICIT LEWD ACT,20X,DERBY AV & E 15TH ST,Oakland,CA
PROSTITUTION,07/16/2015 04:45:00 PM,15-037822,DISORDERLY CONDUCT:PROSTITUTION,19X,2000 INTERNATIONAL BLVD,Oakland,CA
PROSTITUTION,07/16/2015 05:08:00 PM,15-037824,DISORDERLY CONDUCT:SOLICIT LEWD ACT,19X,1300 22ND AV,Oakland,CA
PROSTITUTION,07/16/2015 05:08:00 PM,15-037824,DISORDERLY CONDUCT:PROSTITUTION,19X,1300 22ND AV,Oakland,CA
PROSTITUTION,07/16/2015 05:31:00 PM,15-037787,DISORDERLY CONDUCT:PROSTITUTION,19X,2000 INTERNATIONAL BLVD,Oakland,CA
PROSTITUTION,07/16/2015 05:31:00 PM,15-037787,DISORDERLY CONDUCT:SOLICIT LEWD ACT,19X,2000 INTERNATIONAL BLVD,Oakland,CA
PROSTITUTION,07/16/2015 06:14:00 PM,15-037838,DISORDERLY CONDUCT:PROSTITUTION,21X,1900 24TH AV,Oakland,CA
PROSTITUTION,07/16/2015 06:14:00 PM,15-037838,DISORDERLY CONDUCT:SOLICIT LEWD ACT,21X,1900 24TH AV,Oakland,CA
PROSTITUTION,07/16/2015 07:00:00 PM,15-037846,DISORDERLY CONDUCT:PROSTITUTION,19X,1400 BLOCK E. 12TH AVENUE,Oakland,CA
PROSTITUTION,07/16/2015 07:00:00 PM,15-037846,DISORDERLY CONDUCT:SOLICIT LEWD ACT,19X,1400 BLOCK E. 12TH AVENUE,Oakland,CA
PROSTITUTION,07/16/2015 07:18:00 PM,15-037850,DISORDERLY CONDUCT:SOLICIT LEWD ACT,19X,1400 8TH AV,Oakland,CA
PROSTITUTION,07/16/2015 07:18:00 PM,15-037850,DISORDERLY CONDUCT:PROSTITUTION,19X,1400 8TH AV,Oakland,CA
PROSTITUTION,07/21/2015 03:00:00 PM,15-038871,DISORDERLY CONDUCT:PROSTITUTION,07X,3650 MANDELA PKWY,Oakland,CA
PROSTITUTION,07/21/2015 03:00:00 PM,15-038878,DISORDERLY CONDUCT:PROSTITUTION,07X,3650 MANDELA PKWY,Oakland,CA
PROSTITUTION,07/21/2015 03:00:00 PM,15-038849,DISORDERLY CONDUCT:PROSTITUTION,07X,3650 MANDELA PKWY,Oakland,CA
PROSTITUTION,07/21/2015 03:00:00 PM,15-038899,DISORDERLY CONDUCT:PROSTITUTION,07X,3650 MANDELA PKWY,Oakland,CA
PROSTITUTION,07/21/2015 03:00:00 PM,15-040680,DISORDERLY CONDUCT:PROSTITUTION,07X,3650 MANDELA PKWY,Oakland,CA
PROSTITUTION,07/21/2015 04:14:00 PM,15-038864,DISORDERLY CONDUCT:PROSTITUTION,07X,3650 MANDELA PKWY,Oakland,CA
PROSTITUTION,07/21/2015 04:45:00 PM,15-038870,DISORDERLY CONDUCT:PROSTITUTION,07X,3650 MANDELA PKWY,Oakland,CA
PROSTITUTION,07/21/2015 06:00:00 PM,15-038891,DISORDERLY CONDUCT:PROSTITUTION,07X,3650 MANDELA PKWY,Oakland,CA
MISDEMEANOR WARRANT,07/21/2015 06:03:00 PM,15-038900,DISORDERLY CONDUCT:PROSTITUTION,99X,4000 HARLEN ST,Oakland,CA
NARCOTICS,07/21/2015 07:30:00 PM,15-038924,DISORDERLY CONDUCT:PROSTITUTION,07X,3650 MANDELA PKWY,Oakland,CA
PROSTITUTION,07/22/2015 04:55:00 PM,15-039074,DISORDERLY CONDUCT:PROSTITUTION,19X,1900 E 15TH ST,Oakland,CA
PROSTITUTION,07/22/2015 05:05:00 PM,15-039075,DISORDERLY CONDUCT:PROSTITUTION,19X,1400 17TH AV,Oakland,CA
PROSTITUTION,07/22/2015 05:25:00 PM,15-039079,DISORDERLY CONDUCT:PROSTITUTION,18X,2200 FOOTHILL BLVD,Oakland,CA
PROSTITUTION,07/22/2015 05:40:00 PM,15-039080,DISORDERLY CONDUCT:PROSTITUTION,19X,1900 E 15TH ST,Oakland,CA
PROSTITUTION,07/22/2015 05:40:00 PM,15-039081,DISORDERLY CONDUCT:PROSTITUTION,19X,1900 INTERNATIONAL BLVD,Oakland,CA
PROSTITUTION,07/22/2015 06:00:00 PM,15-039085,DISORDERLY CONDUCT:PROSTITUTION,20X,E 12TH ST & MILLER AV,Oakland,CA
PROSTITUTION,07/22/2015 06:20:00 PM,15-039087,DISORDERLY CONDUCT:PROSTITUTION,20X,1400 DERBY AV,Oakland,CA
PROSTITUTION,07/22/2015 06:31:00 PM,15-039091,DISORDERLY CONDUCT:PROSTITUTION,20X,1400 31ST AV,Oakland,CA
PROSTITUTION,07/27/2015 01:07:00 AM,15-039891,DISORDERLY CONDUCT:PROSTITUTION,19X,1300 18TH AV,Oakland,CA
DISORDERLY CONDUCT,07/29/2015 03:10:00 PM,15-040404,DISORDERLY CONDUCT:SOLICIT LEWD ACT,23X,1400 35TH AV,Oakland,CA
DISORDERLY CONDUCT,07/29/2015 03:10:00 PM,15-040404,DISORDERLY CONDUCT:PROSTITUTION,23X,1400 35TH AV,Oakland,CA
DISORDERLY CONDUCT,07/29/2015 03:10:00 PM,15-040390,DISORDERLY CONDUCT:PROSTITUTION,19X,1400 20TH AV,Oakland,CA
DISORDERLY CONDUCT,07/29/2015 03:15:00 PM,15-040394,DISORDERLY CONDUCT:PROSTITUTION,20X,2700 INTERNATIONAL BLVD,Oakland,CA
OTHER SEX OFFENSES,07/29/2015 03:25:00 PM,15-040402,DISORDERLY CONDUCT:SOLICIT LEWD ACT,20X,1400 27TH AV,Oakland,CA
OTHER SEX OFFENSES,07/29/2015 03:25:00 PM,15-040402,DISORDERLY CONDUCT:PROSTITUTION,20X,1400 27TH AV,Oakland,CA
PROSTITUTION,07/29/2015 04:20:00 PM,15-040414,DISORDERLY CONDUCT:PROSTITUTION,20X,1400 25TH AV,Oakland,CA
PROSTITUTION,07/29/2015 04:20:00 PM,15-040411,DISORDERLY CONDUCT:PROSTITUTION,20X,2900 INTERNATIONAL BLVD,Oakland,CA
PROSTITUTION,07/29/2015 05:55:00 PM,15-040429,DISORDERLY CONDUCT:SOLICIT LEWD ACT,19X,2100 INTERNATIONAL BLVD,Oakland,CA
PROSTITUTION,07/29/2015 05:55:00 PM,15-040429,DISORDERLY CONDUCT:PROSTITUTION,19X,2100 INTERNATIONAL BLVD,Oakland,CA
PROSTITUTION,07/29/2015 07:46:00 PM,15-040446,DISORDERLY CONDUCT:PROSTITUTION,20X,1400 MILLER AV,Oakland,CA
OTHER SEX OFFENSES,08/05/2015 01:56:00 PM,15-041710,DISORDERLY CONDUCT:PROSTITUTION,31Y,8480 EDES AV,Oakland,CA
PROSTITUTION,08/05/2015 03:52:00 PM,15-041659,DISORDERLY CONDUCT:PROSTITUTION,31Y,8480 EDES AV,Oakland,CA
PROSTITUTION,08/05/2015 04:05:00 PM,15-041665,DISORDERLY CONDUCT:PROSTITUTION,31Y,8480 EDES AV,Oakland,CA
PROSTITUTION,08/05/2015 04:06:00 PM,15-041663,DISORDERLY CONDUCT:PROSTITUTION,31Y,8480 EDES AV,Oakland,CA
PROSTITUTION,08/05/2015 05:50:00 PM,15-041688,DISORDERLY CONDUCT:PROSTITUTION,31Y,10 HEGENBERGER RD,Oakland,CA
FORCIBLE RAPE,08/05/2015 05:50:00 PM,15-031973,DISORDERLY CONDUCT:PROSTITUTION,31Y,10 HEGENBERGER RD,Oakland,CA
PROSTITUTION,08/05/2015 06:20:00 PM,15-041691,DISORDERLY CONDUCT:PROSTITUTION,31Y,8480 EDES AV,Oakland,CA
PROSTITUTION,08/05/2015 06:41:00 PM,15-041698,DISORDERLY CONDUCT:PROSTITUTION,31Y,8480 EDES AV,Oakland,CA
PROSTITUTION,08/05/2015 07:20:00 PM,15-041707,DISORDERLY CONDUCT:PROSTITUTION,31Y,8480 EDES AV,Oakland,CA
PROSTITUTION,08/05/2015 07:35:00 PM,15-041711,DISORDERLY CONDUCT:PROSTITUTION,31Y,8480 EDES AV,Oakland,CA
PROSTITUTION,08/05/2015 07:50:00 PM,15-041713,DISORDERLY CONDUCT:PROSTITUTION,31Y,8480 EDES AV,Oakland,CA
PROSTITUTION,08/05/2015 07:57:00 PM,15-041714,DISORDERLY CONDUCT:PROSTITUTION,31Y,8480 EDES AV,Oakland,CA
PROSTITUTION,08/05/2015 08:09:00 PM,15-041720,DISORDERLY CONDUCT:PROSTITUTION,31Y,8480 EDES AV,Oakland,CA
PROSTITUTION,08/05/2015 08:23:00 PM,15-041721,DISORDERLY CONDUCT:PROSTITUTION,31Y,8480 EDES AV,Oakland,CA
PROSTITUTION,08/05/2015 08:53:00 PM,15-041724,DISORDERLY CONDUCT:PROSTITUTION,31Y,8480 EDES AV,Oakland,CA
PROSTITUTION,08/05/2015 09:27:00 PM,15-041725,DISORDERLY CONDUCT:PROSTITUTION,31Y,8480 EDES AV,Oakland,CA
OTHER SEX OFFENSES,08/06/2015 04:00:00 PM,15-043118,DISORDERLY CONDUCT:PROSTITUTION,29X,7100 LACEY AV,Oakland,CA
MISDEMEANOR ASSAULT,08/08/2015 07:45:00 AM,15-042201,DISORDERLY CONDUCT:SOLICIT LEWD ACT,30X,6923 HALLIDAY AV,Oakland,CA
DISORDERLY CONDUCT,08/24/2015 09:00:00 AM,15-045275,DISORDERLY CONDUCT:SOLICIT LEWD ACT,33X,1265 96TH AV,Oakland,CA
PROSTITUTION,08/25/2015 05:09:00 PM,15-045380,DISORDERLY CONDUCT:PROSTITUTION,19X,18TH AV & INTERNATIONAL BLVD,Oakland,CA
PROSTITUTION,08/25/2015 05:13:00 PM,15-045383,DISORDERLY CONDUCT:PROSTITUTION,19X,1400 17TH AV,Oakland,CA
PROSTITUTION,08/25/2015 05:13:00 PM,15-045383,DISORDERLY CONDUCT:SOLICIT LEWD ACT,19X,1400 17TH AV,Oakland,CA
PROSTITUTION,08/25/2015 05:25:00 PM,15-045378,DISORDERLY CONDUCT:PROSTITUTION,19X,1800 E 15TH ST,Oakland,CA
PROSTITUTION,08/25/2015 08:58:00 PM,15-045432,DISORDERLY CONDUCT:PROSTITUTION,19X,1400 20TH AV,Oakland,CA
PROSTITUTION,08/25/2015 05:30:00 PM,15-045382,DISORDERLY CONDUCT:SOLICIT LEWD ACT,19X,17TH AV & INTERNATIONAL BLVD,Oakland,CA
PROSTITUTION,08/25/2015 05:50:00 PM,15-045387,DISORDERLY CONDUCT:SOLICIT LEWD ACT,19X,19TH AV & INTERNATIONAL BLVD,Oakland,CA
PROSTITUTION,08/25/2015 05:50:00 PM,15-045387,DISORDERLY CONDUCT:PROSTITUTION,19X,19TH AV & INTERNATIONAL BLVD,Oakland,CA
DISORDERLY CONDUCT,08/25/2015 06:20:00 PM,15-045405,DISORDERLY CONDUCT:PROSTITUTION,20X,2800 INTERNATIONAL BLVD,Oakland,CA
DISORDERLY CONDUCT,08/25/2015 06:20:00 PM,15-045405,DISORDERLY CONDUCT:SOLICIT LEWD ACT,20X,2800 INTERNATIONAL BLVD,Oakland,CA
PROSTITUTION,08/25/2015 08:09:00 PM,15-045421,DISORDERLY CONDUCT:PROSTITUTION,19X,1400 17TH AV,Oakland,CA
DISORDERLY CONDUCT,08/25/2015 08:25:00 PM,15-045424,DISORDERLY CONDUCT:SOLICIT LEWD ACT,19X,1600 INTERNATIONAL BLVD,Oakland,CA
PROSTITUTION,08/25/2015 08:25:00 PM,15-045417,DISORDERLY CONDUCT:SOLICIT LEWD ACT,19X,1600 INTERNATIONAL BLVD,Oakland,CA
DISORDERLY CONDUCT,08/25/2015 08:25:00 PM,15-045424,DISORDERLY CONDUCT:PROSTITUTION,19X,1600 INTERNATIONAL BLVD,Oakland,CA
PROSTITUTION,08/25/2015 08:25:00 PM,15-045417,DISORDERLY CONDUCT:PROSTITUTION,19X,1600 INTERNATIONAL BLVD,Oakland,CA
PROSTITUTION,08/26/2015 05:22:00 PM,15-045605,DISORDERLY CONDUCT:PROSTITUTION,19X,1801 EMBARCADERO,Oakland,CA
DISORDERLY CONDUCT,08/26/2015 05:25:00 PM,15-045611,DISORDERLY CONDUCT:PROSTITUTION,19X,1801 EMBARCADERO,Oakland,CA
MISDEMEANOR WARRANT,08/26/2015 06:35:00 PM,15-045623,DISORDERLY CONDUCT:PROSTITUTION,19X,1801 EMBARCADERO,Oakland,CA
OTHER,08/29/2015 08:01:00 AM,15-046087,DISORDERLY CONDUCT:PROSTITUTION,33X,8323 A ST,Oakland,CA
PROSTITUTION,09/01/2015 08:58:00 PM,15-046787,DISORDERLY CONDUCT:PROSTITUTION,23X,3300 INTERNATIONAL BLVD,Oakland,CA
PROSTITUTION,09/01/2015 08:58:00 PM,15-046787,DISORDERLY CONDUCT:SOLICIT LEWD ACT,23X,3300 INTERNATIONAL BLVD,Oakland,CA
PROSTITUTION,09/01/2015 09:06:00 PM,15-046788,DISORDERLY CONDUCT:SOLICIT LEWD ACT,23X,INTERNATIONAL BLVD & 37TH AV,Oakland,CA
MISDEMEANOR WARRANT,09/01/2015 09:43:00 PM,15-046792,DISORDERLY CONDUCT:PROSTITUTION,27X,3400 BLOCK INTERNATIONAL BLVD,Oakland,CA
PROSTITUTION,09/01/2015 09:45:00 PM,15-046791,DISORDERLY CONDUCT:PROSTITUTION,23X,1800 34TH AV,Oakland,CA
PROSTITUTION,09/01/2015 10:38:00 PM,15-046811,DISORDERLY CONDUCT:PROSTITUTION,18X,1600 16TH AV,Oakland,CA
PROSTITUTION,09/01/2015 10:38:00 PM,15-046811,DISORDERLY CONDUCT:SOLICIT LEWD ACT,18X,1600 16TH AV,Oakland,CA
MISDEMEANOR ASSAULT,09/01/2015 10:57:00 PM,15-046808,DISORDERLY CONDUCT:PROSTITUTION,77X,2205 18TH AV,Oakland,CA
PROSTITUTION,09/02/2015 12:10:00 AM,15-046826,DISORDERLY CONDUCT:SOLICIT LEWD ACT,23X,1300 40TH AV,Oakland,CA
PROSTITUTION,09/02/2015 12:10:00 AM,15-046826,DISORDERLY CONDUCT:PROSTITUTION,23X,1300 40TH AV,Oakland,CA
PROSTITUTION,09/08/2015 06:44:00 PM,15-048118,DISORDERLY CONDUCT:PROSTITUTION,31Y,150 HEGENBERGER RD,Oakland,CA
PROSTITUTION,09/08/2015 07:45:00 PM,15-048134,DISORDERLY CONDUCT:PROSTITUTION,31Y,150 HEGENBERGER RD,Oakland,CA
OTHER SEX OFFENSES,09/09/2015 03:10:00 PM,15-048278,DISORDERLY CONDUCT:PROSTITUTION,03Y,1300 CLAY ST,Oakland,CA
PROSTITUTION,09/10/2015 08:22:00 PM,15-048526,DISORDERLY CONDUCT:PROSTITUTION,23X,1500 35TH AV,Oakland,CA
PROSTITUTION,09/10/2015 08:22:00 PM,15-048526,DISORDERLY CONDUCT:SOLICIT LEWD ACT,23X,1500 35TH AV,Oakland,CA
OTHER SEX OFFENSES,09/10/2015 08:28:00 PM,15-048509,DISORDERLY CONDUCT:SOLICIT LEWD ACT,26X,1200 HIGH ST,Oakland,CA
OTHER SEX OFFENSES,09/10/2015 08:28:00 PM,15-048509,DISORDERLY CONDUCT:PROSTITUTION,26X,1200 HIGH ST,Oakland,CA
PROSTITUTION,09/10/2015 08:47:00 PM,15-048515,DISORDERLY CONDUCT:PROSTITUTION,23X,1400 37TH AV,Oakland,CA
OTHER SEX OFFENSES,09/10/2015 09:18:00 PM,15-048521,DISORDERLY CONDUCT:PROSTITUTION,23X,1400 37TH AVE,Oakland,CA
OTHER SEX OFFENSES,09/10/2015 09:18:00 PM,15-048521,DISORDERLY CONDUCT:PROSTITUTION,23X,1400 37TH AVE,Oakland,CA
OTHER SEX OFFENSES,09/10/2015 09:57:00 PM,15-048528,DISORDERLY CONDUCT:PROSTITUTION,27Y,1400 51ST AV,Oakland,CA
OTHER SEX OFFENSES,09/10/2015 09:57:00 PM,15-048528,DISORDERLY CONDUCT:SOLICIT LEWD ACT,27Y,1400 51ST AV,Oakland,CA
OTHER SEX OFFENSES,09/15/2015 07:32:00 PM,15-049503,DISORDERLY CONDUCT:PROSTITUTION,33X,1200 94TH AV,Oakland,CA
OTHER SEX OFFENSES,09/15/2015 07:32:00 PM,15-049503,DISORDERLY CONDUCT:SOLICIT LEWD ACT,33X,1200 94TH AV,Oakland,CA
DISORDERLY CONDUCT,09/15/2015 07:49:00 PM,15-049499,DISORDERLY CONDUCT:PROSTITUTION,23X,4000 INTERNATIONAL BLVD,Oakland,CA
DISORDERLY CONDUCT,09/15/2015 07:49:00 PM,15-049499,DISORDERLY CONDUCT:SOLICIT LEWD ACT,23X,4000 INTERNATIONAL BLVD,Oakland,CA
PROSTITUTION,09/15/2015 08:22:00 PM,15-049509,DISORDERLY CONDUCT:PROSTITUTION,27X,1400 46TH AV,Oakland,CA
OTHER,09/15/2015 08:23:00 PM,15-049508,DISORDERLY CONDUCT:PROSTITUTION,23X,1300 39TH AV,Oakland,CA
OTHER,09/15/2015 08:23:00 PM,15-049508,DISORDERLY CONDUCT:SOLICIT LEWD ACT,23X,1300 39TH AV,Oakland,CA
DISORDERLY CONDUCT,09/15/2015 08:35:00 PM,15-049515,DISORDERLY CONDUCT:PROSTITUTION,23X,1300 BLOCK OF 39TH AVE,Oakland,CA
DISORDERLY CONDUCT,09/15/2015 09:02:00 PM,15-049518,DISORDERLY CONDUCT:SOLICIT LEWD ACT,23X,3700 INTERNATIONAL BLVD,Oakland,CA
DISORDERLY CONDUCT,09/15/2015 09:18:00 PM,15-049522,DISORDERLY CONDUCT:PROSTITUTION,23X,1400 BLOCK OF 40TH AVE,Oakland,CA
DISORDERLY CONDUCT,09/15/2015 09:18:00 PM,15-049522,DISORDERLY CONDUCT:SOLICIT LEWD ACT,23X,1400 BLOCK OF 40TH AVE,Oakland,CA
PROSTITUTION,09/16/2015 03:37:00 PM,15-049653,DISORDERLY CONDUCT:PROSTITUTION,31Y,8480 EDES AV,Oakland,CA
OTHER,09/16/2015 04:17:00 PM,15-049679,DISORDERLY CONDUCT:PROSTITUTION,31Y,8480 EDES AV,Oakland,CA
OTHER,09/16/2015 04:25:00 PM,15-049669,DISORDERLY CONDUCT:PROSTITUTION,31Y,8480 EDES AV,Oakland,CA
PROSTITUTION,09/16/2015 04:30:00 PM,15-049673,DISORDERLY CONDUCT:PROSTITUTION,31Y,8480 EDES AV,Oakland,CA
PROSTITUTION,09/16/2015 04:30:00 PM,15-050697,DISORDERLY CONDUCT:PROSTITUTION,31Y,8480 EDES AV,Oakland,CA
PROSTITUTION,09/16/2015 05:29:00 PM,15-049682,DISORDERLY CONDUCT:PROSTITUTION,31Y,8480 EDES AV,Oakland,CA
PROSTITUTION,09/16/2015 05:59:00 PM,15-049686,DISORDERLY CONDUCT:PROSTITUTION,31Y,8480 EDES AV,Oakland,CA
PROSTITUTION,09/16/2015 06:12:00 PM,15-049692,DISORDERLY CONDUCT:PROSTITUTION,31Y,8480 EDES AV,Oakland,CA
PROSTITUTION,09/16/2015 06:59:00 PM,15-049702,DISORDERLY CONDUCT:PROSTITUTION,31Y,8480 EDES AV,Oakland,CA
DISORDERLY CONDUCT,09/22/2015 05:30:00 PM,15-050851,DISORDERLY CONDUCT:PROSTITUTION,19X,1400 17TH AV,Oakland,CA
DISORDERLY CONDUCT,09/22/2015 05:30:00 PM,15-050851,DISORDERLY CONDUCT:SOLICIT LEWD ACT,19X,1400 17TH AV,Oakland,CA
PROSTITUTION,09/23/2015 03:50:00 PM,15-051051,DISORDERLY CONDUCT:PROSTITUTION,31Y,8480 EDES AV,Oakland,CA
OTHER SEX OFFENSES,09/23/2015 03:54:00 PM,15-051100,DISORDERLY CONDUCT:PROSTITUTION,31Y,8480 EDES AV,Oakland,CA
OTHER SEX OFFENSES,09/23/2015 03:54:00 PM,15-051071,DISORDERLY CONDUCT:PROSTITUTION,31Y,8480 EDES AV,Oakland,CA
PROSTITUTION,09/23/2015 05:03:00 PM,15-051074,DISORDERLY CONDUCT:PROSTITUTION,31Y,8480 EDES AV,Oakland,CA
PROSTITUTION,09/23/2015 05:15:00 PM,15-051077,DISORDERLY CONDUCT:PROSTITUTION,31Y,8452 EDES AV,Oakland,CA
PROSTITUTION,09/23/2015 06:16:00 PM,15-051091,DISORDERLY CONDUCT:PROSTITUTION,31Y,8452 EDES AV,Oakland,CA
PROSTITUTION,09/23/2015 07:13:00 PM,15-051102,DISORDERLY CONDUCT:PROSTITUTION,31Y,8480 EDES AV,Oakland,CA
PROSTITUTION,10/06/2015 05:13:00 PM,15-053400,DISORDERLY CONDUCT:PROSTITUTION,21X,2300 FOOTHILL BLVD,Oakland,CA
PROSTITUTION,10/06/2015 05:13:00 PM,15-053400,DISORDERLY CONDUCT:SOLICIT LEWD ACT,21X,2300 FOOTHILL BLVD,Oakland,CA
OTHER SEX OFFENSES,10/06/2015 05:52:00 PM,15-053408,DISORDERLY CONDUCT:SOLICIT LEWD ACT,19X,1800 INTERNATIONAL BLVD,Oakland,CA
PROSTITUTION,10/06/2015 06:17:00 PM,15-053418,DISORDERLY CONDUCT:PROSTITUTION,20X,1300 26TH AV,Oakland,CA
PROSTITUTION,10/06/2015 06:17:00 PM,15-053418,DISORDERLY CONDUCT:SOLICIT LEWD ACT,20X,1300 26TH AV,Oakland,CA
PROSTITUTION,10/06/2015 06:55:00 PM,15-053426,DISORDERLY CONDUCT:SOLICIT LEWD ACT,23X,1400 36TH AV,Oakland,CA
PROSTITUTION,10/06/2015 06:55:00 PM,15-053426,DISORDERLY CONDUCT:PROSTITUTION,23X,1400 36TH AV,Oakland,CA
OTHER SEX OFFENSES,10/06/2015 07:10:00 PM,15-053427,DISORDERLY CONDUCT:SOLICIT LEWD ACT,19X,1900 INTERNATIONAL BLVD,Oakland,CA
PROSTITUTION,10/08/2015 04:28:00 PM,15-053817,DISORDERLY CONDUCT:PROSTITUTION,07X,3650 MANDELA PKWY,Oakland,CA
OTHER,10/08/2015 05:55:00 PM,15-053830,DISORDERLY CONDUCT:PROSTITUTION,07X,3650 MANDELA PKWY,Oakland,CA
PROSTITUTION,10/08/2015 06:18:00 PM,15-053838,DISORDERLY CONDUCT:PROSTITUTION,07X,3650 MANDELA PKWY,Oakland,CA
PROSTITUTION,10/08/2015 06:28:00 PM,15-053839,DISORDERLY CONDUCT:PROSTITUTION,07X,3650 MANDELA PKWY,Oakland,CA
PROSTITUTION,10/08/2015 06:33:00 PM,15-053858,DISORDERLY CONDUCT:PROSTITUTION,07X,3650 MANDELA PKWY,Oakland,CA
PROSTITUTION,10/08/2015 06:35:00 PM,15-053844,DISORDERLY CONDUCT:PROSTITUTION,07X,3650 MANDELA PKWY,Oakland,CA
PROSTITUTION,10/08/2015 07:22:00 PM,15-053859,DISORDERLY CONDUCT:PROSTITUTION,07X,3650 MANDELA PKWY,Oakland,CA
PROSTITUTION,10/08/2015 07:28:00 PM,15-053855,DISORDERLY CONDUCT:PROSTITUTION,07X,3650 MANDELA PKWY,Oakland,CA
PROSTITUTION,10/08/2015 07:35:00 PM,15-053856,DISORDERLY CONDUCT:PROSTITUTION,07X,3650 MANDELA PKWY,Oakland,CA
PROSTITUTION,10/08/2015 07:55:00 PM,15-053861,DISORDERLY CONDUCT:PROSTITUTION,07X,3650 MANDELA PKWY,Oakland,CA
PROSTITUTION,10/08/2015 09:10:00 PM,15-053871,DISORDERLY CONDUCT:PROSTITUTION,07X,3650 MANDELA PKWY,Oakland,CA
PROSTITUTION,10/08/2015 09:15:00 PM,15-053872,DISORDERLY CONDUCT:PROSTITUTION,07X,3650 MANDELA PKWY,Oakland,CA
PROSTITUTION,10/08/2015 09:29:00 PM,15-053879,DISORDERLY CONDUCT:PROSTITUTION,07X,3650 MANDELA PKWY,Oakland,CA
PROSTITUTION,10/08/2015 09:44:00 PM,15-053877,DISORDERLY CONDUCT:PROSTITUTION,07X,3650 MANDELA PKWY,Oakland,CA
PROSTITUTION,10/08/2015 09:45:00 PM,15-053880,DISORDERLY CONDUCT:PROSTITUTION,07X,3650 MANDELA PKWY,Oakland,CA
PROSTITUTION,10/08/2015 09:48:00 PM,15-053878,DISORDERLY CONDUCT:PROSTITUTION,07X,3650 MANDELA PKWY,Oakland,CA
PROSTITUTION,10/09/2015 11:00:00 AM,15-054014,DISORDERLY CONDUCT:PROSTITUTION,07X,3650 MANDELA PKWY,Oakland,CA
PROSTITUTION,10/13/2015 05:00:00 PM,15-054787,DISORDERLY CONDUCT:PROSTITUTION,08X,411 30TH ST,Oakland,CA
PROSTITUTION,10/13/2015 06:53:00 PM,15-054804,DISORDERLY CONDUCT:PROSTITUTION,31Z,888 98TH AV,Oakland,CA
OTHER,10/15/2015 05:45:00 AM,15-055080,DISORDERLY CONDUCT:SOLICIT LEWD ACT,22X,3401 FRUITVALE AV,Oakland,CA
OTHER,10/20/2015 12:00:00 AM,15-056124,DISORDERLY CONDUCT:PROSTITUTION,31Y,8452 EDES AV,Oakland,CA
PROSTITUTION,10/20/2015 04:30:00 PM,15-056078,DISORDERLY CONDUCT:PROSTITUTION,31Y,8452 EDES AV,Oakland,CA
PROSTITUTION,10/20/2015 04:47:00 PM,15-056089,DISORDERLY CONDUCT:PROSTITUTION,31Y,8452 EDES AV,Oakland,CA
PROSTITUTION,10/20/2015 05:13:00 PM,15-056111,DISORDERLY CONDUCT:PROSTITUTION,31Z,8452 EDES AV,Oakland,CA
OTHER,10/20/2015 05:39:00 PM,15-056106,DISORDERLY CONDUCT:PROSTITUTION,31Y,8452 EDES AV,Oakland,CA
DISORDERLY CONDUCT,10/28/2015 05:05:00 PM,15-057721,DISORDERLY CONDUCT:PROSTITUTION,19X,1400 19TH AV,Oakland,CA
DISORDERLY CONDUCT,10/28/2015 05:05:00 PM,15-057721,DISORDERLY CONDUCT:SOLICIT LEWD ACT,19X,1400 19TH AV,Oakland,CA
DISORDERLY CONDUCT,10/28/2015 05:30:00 PM,15-057727,DISORDERLY CONDUCT:PROSTITUTION,19X,18TH AV & MARIN WY,Oakland,CA
DISORDERLY CONDUCT,10/28/2015 05:30:00 PM,15-057727,DISORDERLY CONDUCT:SOLICIT LEWD ACT,19X,18TH AV & MARIN WY,Oakland,CA
PROSTITUTION,10/28/2015 05:40:00 PM,15-057731,DISORDERLY CONDUCT:SOLICIT LEWD ACT,19X,1400 19TH AV,Oakland,CA
PROSTITUTION,10/28/2015 05:40:00 PM,15-057733,DISORDERLY CONDUCT:SOLICIT LEWD ACT,19X,1400 19TH AV,Oakland,CA
PROSTITUTION,10/28/2015 05:40:00 PM,15-057733,DISORDERLY CONDUCT:SOLICIT LEWD ACT,19X,1400 19TH AV,Oakland,CA
PROSTITUTION,10/28/2015 05:40:00 PM,15-057731,DISORDERLY CONDUCT:PROSTITUTION,19X,1400 19TH AV,Oakland,CA
PROSTITUTION,10/28/2015 05:52:00 PM,15-057734,DISORDERLY CONDUCT:PROSTITUTION,20X,2500 INTERNATIONAL BLVD,Oakland,CA
PROSTITUTION,10/28/2015 05:52:00 PM,15-057734,DISORDERLY CONDUCT:SOLICIT LEWD ACT,20X,2500 INTERNATIONAL BLVD,Oakland,CA
OTHER SEX OFFENSES,10/28/2015 06:14:00 PM,15-057740,DISORDERLY CONDUCT:SOLICIT LEWD ACT,19X,1400 20TH AV,Oakland,CA
OTHER SEX OFFENSES,10/28/2015 06:14:00 PM,15-057740,DISORDERLY CONDUCT:PROSTITUTION,19X,1400 20TH AV,Oakland,CA
PROSTITUTION,10/28/2015 07:45:00 PM,15-057756,DISORDERLY CONDUCT:PROSTITUTION,20X,2700 INTERNATIONAL BLVD,Oakland,CA
PROSTITUTION,10/28/2015 07:45:00 PM,15-057756,DISORDERLY CONDUCT:SOLICIT LEWD ACT,20X,2700 INTERNATIONAL BLVD,Oakland,CA
PROSTITUTION,10/28/2015 07:58:00 PM,15-057761,DISORDERLY CONDUCT:SOLICIT LEWD ACT,20X,1400 28TH AV,Oakland,CA
PROSTITUTION,10/28/2015 07:58:00 PM,15-057761,DISORDERLY CONDUCT:PROSTITUTION,20X,1400 28TH AV,Oakland,CA
PROSTITUTION,10/28/2015 08:05:00 PM,15-057762,DISORDERLY CONDUCT:SOLICIT LEWD ACT,20X,3050 INTERNATIONAL BLVD,Oakland,CA
PROSTITUTION,10/28/2015 08:05:00 PM,15-057762,DISORDERLY CONDUCT:PROSTITUTION,20X,3050 INTERNATIONAL BLVD,Oakland,CA
PROSTITUTION,10/28/2015 08:20:00 PM,15-057764,DISORDERLY CONDUCT:PROSTITUTION,23X,1300 37TH AV,Oakland,CA
PROSTITUTION,10/28/2015 08:20:00 PM,15-057764,DISORDERLY CONDUCT:SOLICIT LEWD ACT,23X,1300 37TH AV,Oakland,CA
PROSTITUTION,10/29/2015 07:35:00 PM,15-057944,DISORDERLY CONDUCT:PROSTITUTION,23X,1400 39TH AV,Oakland,CA
PROSTITUTION,11/01/2015 04:54:00 PM,15-058495,DISORDERLY CONDUCT:SOLICIT LEWD ACT,30X,8021 PLYMOUTH ST,Oakland,CA
PROSTITUTION,11/03/2015 07:28:00 PM,15-058880,DISORDERLY CONDUCT:PROSTITUTION,20X,1400 25TH AV,Oakland,CA
PROSTITUTION,11/04/2015 05:35:00 PM,15-059084,DISORDERLY CONDUCT:PROSTITUTION,20X,1400 27TH AV,Oakland,CA
MISDEMEANOR WARRANT,11/06/2015 11:25:00 AM,15-059396,DISORDERLY CONDUCT:SOLICIT LEWD ACT,08X,3800 TELEGRAPH AV,Oakland,CA
OTHER SEX OFFENSES,11/12/2015 05:50:00 PM,15-060520,DISORDERLY CONDUCT:PROSTITUTION,21X,2300 E 19TH ST,Oakland,CA
OTHER SEX OFFENSES,11/12/2015 05:50:00 PM,15-060520,DISORDERLY CONDUCT:SOLICIT LEWD ACT,21X,2300 E 19TH ST,Oakland,CA
OTHER SEX OFFENSES,11/12/2015 06:08:00 PM,15-060522,DISORDERLY CONDUCT:PROSTITUTION,19X,1900 INTERNATIONAL BLVD,Oakland,CA
OTHER SEX OFFENSES,11/12/2015 06:08:00 PM,15-060522,DISORDERLY CONDUCT:SOLICIT LEWD ACT,19X,1900 INTERNATIONAL BLVD,Oakland,CA
OTHER SEX OFFENSES,11/12/2015 06:20:00 PM,15-060524,DISORDERLY CONDUCT:PROSTITUTION,20X,3100 INTERNATIONAL BLVD,Oakland,CA
OTHER SEX OFFENSES,11/12/2015 06:20:00 PM,15-060524,DISORDERLY CONDUCT:SOLICIT LEWD ACT,20X,3100 INTERNATIONAL BLVD,Oakland,CA
OTHER SEX OFFENSES,11/12/2015 07:09:00 PM,15-060534,DISORDERLY CONDUCT:PROSTITUTION,19X,1400 19TH AV,Oakland,CA
OTHER SEX OFFENSES,11/12/2015 07:09:00 PM,15-060534,DISORDERLY CONDUCT:SOLICIT LEWD ACT,19X,1400 19TH AV,Oakland,CA
OTHER SEX OFFENSES,11/12/2015 07:25:00 PM,15-060538,DISORDERLY CONDUCT:SOLICIT LEWD ACT,23X,1400 39TH AV,Oakland,CA
OTHER SEX OFFENSES,11/12/2015 07:25:00 PM,15-060538,DISORDERLY CONDUCT:PROSTITUTION,23X,1400 39TH AV,Oakland,CA
PROSTITUTION,11/12/2015 07:45:00 PM,15-060542,DISORDERLY CONDUCT:PROSTITUTION,19X,1800 INTERNATIONAL BLVD,Oakland,CA
PROSTITUTION,11/12/2015 07:45:00 PM,15-060542,DISORDERLY CONDUCT:SOLICIT LEWD ACT,19X,1800 INTERNATIONAL BLVD,Oakland,CA
OTHER SEX OFFENSES,11/12/2015 07:58:00 PM,15-060546,DISORDERLY CONDUCT:SOLICIT LEWD ACT,19X,1400 19TH AV,Oakland,CA
OTHER SEX OFFENSES,11/12/2015 07:58:00 PM,15-060546,DISORDERLY CONDUCT:PROSTITUTION,19X,1400 19TH AV,Oakland,CA
PROSTITUTION,11/17/2015 04:47:00 PM,15-061400,DISORDERLY CONDUCT:PROSTITUTION,19X,1400 18TH AV,Oakland,CA
OTHER,11/18/2015 03:14:00 PM,15-061605,DISORDERLY CONDUCT:PROSTITUTION,06X,3650 MANDELA PKWY,Oakland,CA
OTHER,11/18/2015 04:16:00 PM,15-061623,DISORDERLY CONDUCT:PROSTITUTION,06X,3650 MANDELA PKWY PKWY,Oakland,CA
OTHER,11/18/2015 05:10:00 PM,15-061627,DISORDERLY CONDUCT:PROSTITUTION,07X,3650 MANDELA PKWY,Oakland,CA
OTHER,11/18/2015 05:17:00 PM,15-061636,DISORDERLY CONDUCT:PROSTITUTION,06X,3650 MANDELA PKWY,Oakland,CA
PROSTITUTION,11/18/2015 05:54:00 PM,15-061632,DISORDERLY CONDUCT:PROSTITUTION,07X,3650 MANDELA PKWY,Oakland,CA
OTHER,11/18/2015 06:32:00 PM,15-061638,DISORDERLY CONDUCT:PROSTITUTION,07X,3650 MANDELA PKWY,Oakland,CA
OTHER,11/18/2015 06:38:00 PM,15-061645,DISORDERLY CONDUCT:PROSTITUTION,06X,3650 MANDELA PKWY,Oakland,CA
PROSTITUTION,11/18/2015 06:48:00 PM,15-061654,DISORDERLY CONDUCT:PROSTITUTION,07X,3650 MANDELA PKWY,Oakland,CA
PROSTITUTION,11/18/2015 09:25:00 PM,15-061670,DISORDERLY CONDUCT:PROSTITUTION,23X,3401 E 12TH ST,Oakland,CA
PROSTITUTION,12/02/2015 05:09:00 PM,15-063951,DISORDERLY CONDUCT:PROSTITUTION,19X,1900 INTERNATIONAL BLVD,Oakland,CA
PROSTITUTION,12/02/2015 05:09:00 PM,15-063951,DISORDERLY CONDUCT:SOLICIT LEWD ACT,19X,1900 INTERNATIONAL BLVD,Oakland,CA
NARCOTICS,12/02/2015 05:21:00 PM,15-063953,DISORDERLY CONDUCT:PROSTITUTION,19X,1400 19TH AV,Oakland,CA
DISORDERLY CONDUCT,12/02/2015 05:22:00 PM,15-063952,DISORDERLY CONDUCT:PROSTITUTION,19X,MILLER AVE & INTERNATIONAL BLVD,Oakland,CA
DISORDERLY CONDUCT,12/02/2015 05:22:00 PM,15-063952,DISORDERLY CONDUCT:SOLICIT LEWD ACT,19X,MILLER AVE & INTERNATIONAL BLVD,Oakland,CA
DISORDERLY CONDUCT,12/02/2015 05:34:00 PM,15-063957,DISORDERLY CONDUCT:SOLICIT LEWD ACT,18X,1900 BLK OF E 15TH ST.,Oakland,CA
DISORDERLY CONDUCT,12/02/2015 05:34:00 PM,15-063957,DISORDERLY CONDUCT:PROSTITUTION,18X,1900 BLK OF E 15TH ST.,Oakland,CA
DISORDERLY CONDUCT,12/02/2015 05:47:00 PM,15-063958,DISORDERLY CONDUCT:PROSTITUTION,21X,1900 23RD AV,Oakland,CA
DISORDERLY CONDUCT,12/02/2015 05:47:00 PM,15-063958,DISORDERLY CONDUCT:SOLICIT LEWD ACT,21X,1900 23RD AV,Oakland,CA
PROSTITUTION,12/02/2015 06:25:00 PM,15-063967,DISORDERLY CONDUCT:PROSTITUTION,19X,2000 INTERNATIONAL BLVD,Oakland,CA
PROSTITUTION,12/02/2015 06:25:00 PM,15-063967,DISORDERLY CONDUCT:SOLICIT LEWD ACT,19X,2000 INTERNATIONAL BLVD,Oakland,CA
DISORDERLY CONDUCT,12/02/2015 06:44:00 PM,15-063970,DISORDERLY CONDUCT:PROSTITUTION,20X,3100 INTERNATIONAL BLVD,Oakland,CA
DISORDERLY CONDUCT,12/02/2015 06:57:00 PM,15-063975,DISORDERLY CONDUCT:PROSTITUTION,20X,1400 MILLER AV,Oakland,CA
PROSTITUTION,12/02/2015 07:35:00 PM,15-063976,DISORDERLY CONDUCT:PROSTITUTION,20X,MILLER AV & INTERNATIONAL BLVD,Oakland,CA
DISORDERLY CONDUCT,12/02/2015 07:48:00 PM,15-063978,DISORDERLY CONDUCT:PROSTITUTION,23X,1400 34TH AV,Oakland,CA
PROSTITUTION,12/02/2015 07:55:00 PM,15-063981,DISORDERLY CONDUCT:PROSTITUTION,23X,1000 37TH AV,Oakland,CA
PROSTITUTION,12/02/2015 07:55:00 PM,15-063981,DISORDERLY CONDUCT:SOLICIT LEWD ACT,23X,1000 37TH AV,Oakland,CA
DISORDERLY CONDUCT,12/02/2015 07:58:00 PM,15-063982,DISORDERLY CONDUCT:PROSTITUTION,23X,1200 40TH AV,Oakland,CA
OTHER,12/02/2015 08:09:00 PM,15-063984,DISORDERLY CONDUCT:PROSTITUTION,19X,19TH AV & FOOTHILL BLVD,Oakland,CA
OTHER,12/02/2015 08:09:00 PM,15-063984,DISORDERLY CONDUCT:SOLICIT LEWD ACT,19X,19TH AV & FOOTHILL BLVD,Oakland,CA
DISORDERLY CONDUCT,12/03/2015 05:04:00 PM,15-064132,DISORDERLY CONDUCT:SOLICIT LEWD ACT,19X,1400 19TH AV,Oakland,CA
DISORDERLY CONDUCT,12/03/2015 05:04:00 PM,15-064132,DISORDERLY CONDUCT:PROSTITUTION,19X,1400 19TH AV,Oakland,CA
DISORDERLY CONDUCT,12/03/2015 05:52:00 PM,15-064138,DISORDERLY CONDUCT:PROSTITUTION,18X,2200 E 19TH ST,Oakland,CA
DISORDERLY CONDUCT,12/03/2015 05:52:00 PM,15-064138,DISORDERLY CONDUCT:SOLICIT LEWD ACT,18X,2200 E 19TH ST,Oakland,CA
PROSTITUTION,12/03/2015 06:32:00 PM,15-064144,DISORDERLY CONDUCT:PROSTITUTION,19X,1400 19TH AV,Oakland,CA
OTHER SEX OFFENSES,12/03/2015 06:55:00 PM,15-064146,DISORDERLY CONDUCT:SOLICIT LEWD ACT,20X,1400 DERBY AV,Oakland,CA
OTHER SEX OFFENSES,12/03/2015 06:55:00 PM,15-064146,DISORDERLY CONDUCT:PROSTITUTION,20X,1400 DERBY AV,Oakland,CA
PROSTITUTION,12/03/2015 07:10:00 PM,15-064153,DISORDERLY CONDUCT:PROSTITUTION,20X,1400 DERBY AV,Oakland,CA
PROSTITUTION,12/09/2015 04:55:00 PM,15-065203,DISORDERLY CONDUCT:PROSTITUTION,31Y,150 HEGENBERGER RD,Oakland,CA
PROSTITUTION,12/09/2015 05:01:00 PM,15-065207,DISORDERLY CONDUCT:PROSTITUTION,31Y,150 HEGENBERGER RD,Oakland,CA
PROSTITUTION,12/09/2015 05:10:00 PM,15-065216,DISORDERLY CONDUCT:PROSTITUTION,31Y,150 HEGENBERGER RD,Oakland,CA
PROSTITUTION,12/09/2015 05:27:00 PM,15-065208,DISORDERLY CONDUCT:PROSTITUTION,31Y,150 HEGENBERGER RD,Oakland,CA
PROSTITUTION,12/09/2015 06:08:00 PM,15-065213,DISORDERLY CONDUCT:PROSTITUTION,31Y,150 HEGENBERGER RD,Oakland,CA
PROSTITUTION,12/09/2015 06:56:00 PM,15-065222,DISORDERLY CONDUCT:PROSTITUTION,31Y,150 HEGENBERGER RD,Oakland,CA
PROSTITUTION,12/09/2015 07:11:00 PM,15-065223,DISORDERLY CONDUCT:PROSTITUTION,31Y,150 HEGENBERGER RD,Oakland,CA
PROSTITUTION,12/09/2015 07:50:00 PM,15-065227,DISORDERLY CONDUCT:PROSTITUTION,31Y,150 HEGENBERGER RD,Oakland,CA
